Geographic Area,Pop_2000
"Autauga, AL","44,889"
"Baldwin, AL","144,875"
"Barbour, AL","28,863"
"Bibb, AL","21,028"
"Blount, AL","51,845"
"Bullock, AL","11,358"
"Butler, AL","21,139"
"Calhoun, AL","111,266"
"Chambers, AL","36,274"
"Cherokee, AL","24,182"
"Chilton, AL","40,197"
"Choctaw, AL","15,677"
"Clarke, AL","27,624"
"Clay, AL","14,298"
"Cleburne, AL","14,222"
"Coffee, AL","43,716"
"Colbert, AL","54,793"
"Conecuh, AL","13,940"
"Coosa, AL","11,848"
"Covington, AL","37,069"
"Crenshaw, AL","13,724"
"Cullman, AL","77,415"
"Dale, AL","49,254"
"Dallas, AL","46,132"
"DeKalb, AL","65,678"
"Elmore, AL","67,459"
"Escambia, AL","38,197"
"Etowah, AL","102,976"
"Fayette, AL","18,384"
"Franklin, AL","31,190"
"Geneva, AL","25,565"
"Greene, AL","9,866"
"Hale, AL","17,868"
"Henry, AL","16,358"
"Houston, AL","89,490"
"Jackson, AL","53,997"
"Jefferson, AL","660,197"
"Lamar, AL","15,632"
"Lauderdale, AL","87,791"
"Lawrence, AL","34,870"
"Lee, AL","116,819"
"Limestone, AL","66,936"
"Lowndes, AL","13,329"
"Macon, AL","23,925"
"Madison, AL","281,517"
"Marengo, AL","22,203"
"Marion, AL","30,777"
"Marshall, AL","82,477"
"Mobile, AL","400,129"
"Monroe, AL","24,120"
"Montgomery, AL","223,048"
"Morgan, AL","111,682"
"Perry, AL","11,645"
"Pickens, AL","20,873"
"Pike, AL","29,844"
"Randolph, AL","22,465"
"Russell, AL","49,622"
"St Clair, AL","66,093"
"Shelby, AL","149,358"
"Sumter, AL","14,630"
"Talladega, AL","80,939"
"Tallapoosa, AL","41,406"
"Tuscaloosa, AL","166,951"
"Walker, AL","70,364"
"Washington, AL","17,933"
"Wilcox, AL","12,806"
"Winston, AL","24,597"
"Aleutians East, AK","2,590"
"Aleutians West, AK","5,501"
"Anchorage Municipality, AK","264,274"
"Bethel, AK","16,171"
"Bristol Bay, AK","1,196"
"Denali, AK","1,850"
"Dillingham, AK","4,840"
"Fairbanks North Star, AK","84,814"
"Haines, AK","2,334"
"Hoonah-Angoon, AK","2,538"
"Juneau, AK","30,502"
"Kenai Peninsula, AK","49,986"
"Ketchikan Gateway, AK","13,796"
"Kodiak Island, AK","13,748"
"Lake and Peninsula, AK","1,715"
"Matanuska-Susitna, AK","61,807"
"Nome, AK","9,167"
"North Slope, AK","7,530"
"Northwest Arctic, AK","7,251"
"Petersburg, AK","4,198"
"Prince of Wales-Hyder, AK","5,887"
"Sitka, AK","8,727"
"Skagway Municipality, AK",868
"Southeast Fairbanks, AK","5,705"
"Valdez-Cordova, AK","10,114"
"Wade Hampton, AK","7,051"
"Wrangell, AK","2,426"
"Yakutat, AK",764
"Yukon-Koyukuk, AK","6,364"
"Apache, AZ","67,863"
"Cochise, AZ","118,798"
"Coconino, AZ","118,283"
"Gila, AZ","51,274"
"Graham, AZ","33,356"
"Greenlee, AZ","8,349"
"La Paz, AZ","19,580"
"Maricopa, AZ","3,175,989"
"Mohave, AZ","160,312"
"Navajo, AZ","97,849"
"Pima, AZ","859,280"
"Pinal, AZ","187,747"
"Santa Cruz, AZ","39,288"
"Yavapai, AZ","172,636"
"Yuma, AZ","162,873"
"Arkansas, AR","20,593"
"Ashley, AR","23,824"
"Baxter, AR","38,331"
"Benton, AR","159,258"
"Boone, AR","34,258"
"Bradley, AR","12,427"
"Calhoun, AR","5,599"
"Carroll, AR","25,559"
"Chicot, AR","13,758"
"Clark, AR","23,516"
"Clay, AR","17,307"
"Cleburne, AR","24,204"
"Cleveland, AR","8,637"
"Columbia, AR","25,424"
"Conway, AR","20,362"
"Craighead, AR","83,276"
"Crawford, AR","54,273"
"Crittenden, AR","50,919"
"Cross, AR","19,382"
"Dallas, AR","9,005"
"Desha, AR","14,958"
"Drew, AR","18,660"
"Faulkner, AR","88,830"
"Franklin, AR","17,830"
"Fulton, AR","11,676"
"Garland, AR","89,032"
"Grant, AR","16,608"
"Greene, AR","37,934"
"Hempstead, AR","23,318"
"Hot Spring, AR","30,615"
"Howard, AR","14,146"
"Independence, AR","34,374"
"Izard, AR","13,289"
"Jackson, AR","18,029"
"Jefferson, AR","83,322"
"Johnson, AR","22,977"
"Lafayette, AR","8,374"
"Lawrence, AR","17,749"
"Lee, AR","12,358"
"Lincoln, AR","14,505"
"Little River, AR","13,334"
"Logan, AR","22,385"
"Lonoke, AR","54,043"
"Madison, AR","14,253"
"Marion, AR","16,232"
"Miller, AR","40,606"
"Mississippi, AR","51,017"
"Monroe, AR","9,947"
"Montgomery, AR","9,221"
"Nevada, AR","9,774"
"Newton, AR","8,534"
"Ouachita, AR","28,088"
"Perry, AR","10,306"
"Phillips, AR","25,821"
"Pike, AR","11,306"
"Poinsett, AR","25,498"
"Polk, AR","20,189"
"Pope, AR","54,986"
"Prairie, AR","9,505"
"Pulaski, AR","362,866"
"Randolph, AR","18,177"
"St Francis, AR","29,072"
"Saline, AR","85,473"
"Scott, AR","10,950"
"Searcy, AR","8,220"
"Sebastian, AR","116,488"
"Sevier, AR","15,586"
"Sharp, AR","17,244"
"Stone, AR","11,484"
"Union, AR","44,894"
"Van Buren, AR","16,332"
"Washington, AR","163,151"
"White, AR","68,273"
"Woodruff, AR","8,675"
"Yell, AR","21,145"
"Alameda, CA","1,469,484"
"Alpine, CA","1,196"
"Amador, CA","35,697"
"Butte, CA","206,193"
"Calaveras, CA","41,304"
"Colusa, CA","19,022"
"Contra Costa, CA","970,952"
"Del Norte, CA","27,292"
"El Dorado, CA","161,101"
"Fresno, CA","813,021"
"Glenn, CA","26,450"
"Humboldt, CA","127,520"
"Imperial, CA","143,707"
"Inyo, CA","18,117"
"Kern, CA","676,574"
"Kings, CA","132,881"
"Lake, CA","60,219"
"Lassen, CA","33,548"
"Los Angeles, CA","9,626,034"
"Madera, CA","125,581"
"Marin, CA","247,866"
"Mariposa, CA","17,099"
"Mendocino, CA","86,841"
"Merced, CA","218,816"
"Modoc, CA","9,350"
"Mono, CA","13,224"
"Monterey, CA","407,082"
"Napa, CA","126,818"
"Nevada, CA","93,715"
"Orange, CA","2,885,457"
"Placer, CA","263,615"
"Plumas, CA","20,820"
"Riverside, CA","1,616,634"
"Sacramento, CA","1,266,257"
"San Benito, CA","54,644"
"San Bernardino, CA","1,760,731"
"San Diego, CA","2,869,672"
"San Francisco, CA","780,865"
"San Joaquin, CA","591,207"
"San Luis Obispo, CA","251,462"
"San Mateo, CA","705,621"
"Santa Barbara, CA","403,164"
"Santa Clara, CA","1,688,082"
"Santa Cruz, CA","256,045"
"Shasta, CA","166,408"
"Sierra, CA","3,518"
"Siskiyou, CA","43,908"
"Solano, CA","404,209"
"Sonoma, CA","465,293"
"Stanislaus, CA","463,761"
"Sutter, CA","80,138"
"Tehama, CA","56,685"
"Trinity, CA","12,859"
"Tulare, CA","373,171"
"Tuolumne, CA","55,253"
"Ventura, CA","766,689"
"Yolo, CA","175,337"
"Yuba, CA","61,249"
"Adams, CO","359,816"
"Alamosa, CO","14,956"
"Arapahoe, CO","502,393"
"Archuleta, CO","10,454"
"Baca, CO","4,471"
"Bent, CO","5,841"
"Boulder, CO","277,597"
"Broomfield, CO","41,055"
"Chaffee, CO","16,488"
"Cheyenne, CO","2,179"
"Clear Creek, CO","9,383"
"Conejos, CO","8,350"
"Costilla, CO","3,619"
"Crowley, CO","5,614"
"Custer, CO","3,664"
"Delta, CO","28,069"
"Denver, CO","561,976"
"Dolores, CO","1,849"
"Douglas, CO","196,783"
"Eagle, CO","43,238"
"Elbert, CO","21,094"
"El Paso, CO","535,864"
"Fremont, CO","46,633"
"Garfield, CO","45,636"
"Gilpin, CO","4,781"
"Grand, CO","12,743"
"Gunnison, CO","14,206"
"Hinsdale, CO",817
"Huerfano, CO","7,635"
"Jackson, CO","1,529"
"Jefferson, CO","528,845"
"Kiowa, CO","1,550"
"Kit Carson, CO","7,995"
"Lake, CO","7,758"
"La Plata, CO","45,044"
"Larimer, CO","260,541"
"Las Animas, CO","15,116"
"Lincoln, CO","5,912"
"Logan, CO","21,459"
"Mesa, CO","119,496"
"Mineral, CO",796
"Moffat, CO","13,065"
"Montezuma, CO","23,692"
"Montrose, CO","34,361"
"Morgan, CO","27,307"
"Otero, CO","20,012"
"Ouray, CO","3,787"
"Park, CO","15,255"
"Phillips, CO","4,456"
"Pitkin, CO","15,013"
"Prowers, CO","14,182"
"Pueblo, CO","144,014"
"Rio Blanco, CO","5,868"
"Rio Grande, CO","12,213"
"Routt, CO","20,210"
"Saguache, CO","6,024"
"San Juan, CO",581
"San Miguel, CO","6,858"
"Sedgwick, CO","2,661"
"Summit, CO","24,716"
"Teller, CO","21,193"
"Washington, CO","4,874"
"Weld, CO","192,278"
"Yuma, CO","9,822"
"Fairfield, CT","889,063"
"Hartford, CT","862,573"
"Litchfield, CT","184,118"
"Middlesex, CT","157,006"
"New Haven, CT","829,875"
"New London, CT","261,396"
"Tolland, CT","138,934"
"Windham, CT","109,870"
"Kent, DE","129,228"
"New Castle, DE","506,026"
"Sussex, DE","160,445"
"District of Columbia, DC","574,504"
"Alachua, FL","221,718"
"Baker, FL","22,620"
"Bay, FL","150,207"
"Bradford, FL","26,083"
"Brevard, FL","486,429"
"Broward, FL","1,662,848"
"Calhoun, FL","12,847"
"Charlotte, FL","146,311"
"Citrus, FL","121,197"
"Clay, FL","145,685"
"Collier, FL","264,240"
"Columbia, FL","57,040"
"DeSoto, FL","32,402"
"Dixie, FL","14,033"
"Duval, FL","790,681"
"Escambia, FL","297,776"
"Flagler, FL","53,944"
"Franklin, FL","9,910"
"Gadsden, FL","45,153"
"Gilchrist, FL","14,283"
"Glades, FL","10,948"
"Gulf, FL","14,868"
"Hamilton, FL","13,733"
"Hardee, FL","26,378"
"Hendry, FL","36,029"
"Hernando, FL","134,127"
"Highlands, FL","88,510"
"Hillsborough, FL","1,028,385"
"Holmes, FL","18,757"
"Indian River, FL","115,456"
"Jackson, FL","46,242"
"Jefferson, FL","12,871"
"Lafayette, FL","7,153"
"Lake, FL","222,297"
"Lee, FL","461,037"
"Leon, FL","242,583"
"Levy, FL","35,118"
"Liberty, FL","7,049"
"Madison, FL","18,859"
"Manatee, FL","272,281"
"Marion, FL","264,553"
"Martin, FL","129,856"
"Miami-Dade, FL","2,287,458"
"Monroe, FL","79,038"
"Nassau, FL","59,300"
"Okaloosa, FL","172,564"
"Okeechobee, FL","36,298"
"Orange, FL","931,775"
"Osceola, FL","181,694"
"Palm Beach, FL","1,160,474"
"Pasco, FL","357,653"
"Pinellas, FL","923,850"
"Polk, FL","492,917"
"Putnam, FL","70,585"
"St Johns, FL","129,805"
"St Lucie, FL","198,459"
"Santa Rosa, FL","121,261"
"Sarasota, FL","333,707"
"Seminole, FL","374,593"
"Sumter, FL","55,793"
"Suwannee, FL","35,679"
"Taylor, FL","19,379"
"Union, FL","13,598"
"Volusia, FL","451,103"
"Wakulla, FL","23,779"
"Walton, FL","42,391"
"Washington, FL","21,316"
"Appling, GA","17,455"
"Atkinson, GA","7,641"
"Bacon, GA","10,133"
"Baker, GA","4,005"
"Baldwin, GA","44,764"
"Banks, GA","15,025"
"Barrow, GA","48,171"
"Bartow, GA","79,984"
"Ben Hill, GA","17,315"
"Berrien, GA","16,392"
"Bibb, GA","153,548"
"Bleckley, GA","11,781"
"Brantley, GA","15,093"
"Brooks, GA","16,307"
"Bryan, GA","23,867"
"Bulloch, GA","56,808"
"Burke, GA","22,582"
"Butts, GA","20,186"
"Calhoun, GA","6,271"
"Camden, GA","44,469"
"Candler, GA","9,442"
"Carroll, GA","91,132"
"Catoosa, GA","54,638"
"Charlton, GA","10,675"
"Chatham, GA","234,150"
"Chattahoochee, GA","15,780"
"Chattooga, GA","25,675"
"Cherokee, GA","151,189"
"Clarke, GA","103,890"
"Clay, GA","3,360"
"Clayton, GA","245,327"
"Clinch, GA","6,901"
"Cobb, GA","623,006"
"Coffee, GA","38,350"
"Colquitt, GA","42,223"
"Columbia, GA","92,537"
"Cook, GA","15,885"
"Coweta, GA","93,627"
"Crawford, GA","12,496"
"Crisp, GA","22,184"
"Dade, GA","15,520"
"Dawson, GA","16,875"
"Decatur, GA","27,870"
"DeKalb, GA","670,900"
"Dodge, GA","19,513"
"Dooly, GA","12,040"
"Dougherty, GA","95,944"
"Douglas, GA","95,720"
"Early, GA","12,207"
"Echols, GA","3,774"
"Effingham, GA","39,116"
"Elbert, GA","20,544"
"Emanuel, GA","21,683"
"Evans, GA","10,691"
"Fannin, GA","20,412"
"Fayette, GA","94,086"
"Floyd, GA","91,181"
"Forsyth, GA","108,491"
"Franklin, GA","20,703"
"Fulton, GA","820,213"
"Gilmer, GA","24,229"
"Glascock, GA","2,586"
"Glynn, GA","68,558"
"Gordon, GA","45,757"
"Grady, GA","23,635"
"Greene, GA","14,703"
"Gwinnett, GA","620,025"
"Habersham, GA","36,914"
"Hall, GA","146,148"
"Hancock, GA","10,022"
"Haralson, GA","26,232"
"Harris, GA","24,547"
"Hart, GA","23,049"
"Heard, GA","11,173"
"Henry, GA","131,000"
"Houston, GA","113,432"
"Irwin, GA","9,953"
"Jackson, GA","43,367"
"Jasper, GA","11,629"
"Jeff Davis, GA","12,877"
"Jefferson, GA","17,121"
"Jenkins, GA","8,577"
"Johnson, GA","8,768"
"Jones, GA","24,315"
"Lamar, GA","16,464"
"Lanier, GA","7,253"
"Laurens, GA","45,123"
"Lee, GA","24,945"
"Liberty, GA","61,388"
"Lincoln, GA","8,375"
"Long, GA","10,551"
"Lowndes, GA","92,402"
"Lumpkin, GA","22,152"
"McDuffie, GA","21,323"
"McIntosh, GA","11,401"
"Macon, GA","14,186"
"Madison, GA","26,046"
"Marion, GA","7,322"
"Meriwether, GA","22,524"
"Miller, GA","6,372"
"Mitchell, GA","23,872"
"Monroe, GA","22,092"
"Montgomery, GA","8,505"
"Morgan, GA","15,951"
"Murray, GA","37,683"
"Muscogee, GA","186,375"
"Newton, GA","66,823"
"Oconee, GA","26,135"
"Oglethorpe, GA","12,902"
"Paulding, GA","88,910"
"Peach, GA","24,063"
"Pickens, GA","24,334"
"Pierce, GA","15,811"
"Pike, GA","13,834"
"Polk, GA","38,612"
"Pulaski, GA","9,882"
"Putnam, GA","19,152"
"Quitman, GA","2,607"
"Rabun, GA","15,310"
"Randolph, GA","7,786"
"Richmond, GA","199,443"
"Rockdale, GA","71,875"
"Schley, GA","3,860"
"Screven, GA","15,057"
"Seminole, GA","9,251"
"Spalding, GA","58,927"
"Stephens, GA","25,594"
"Stewart, GA","5,358"
"Sumter, GA","33,447"
"Talbot, GA","6,675"
"Taliaferro, GA","2,031"
"Tattnall, GA","22,242"
"Taylor, GA","8,756"
"Telfair, GA","12,155"
"Terrell, GA","10,822"
"Thomas, GA","42,674"
"Tift, GA","38,133"
"Toombs, GA","26,040"
"Towns, GA","9,499"
"Treutlen, GA","6,895"
"Troup, GA","59,844"
"Turner, GA","9,512"
"Twiggs, GA","10,418"
"Union, GA","17,822"
"Upson, GA","27,788"
"Walker, GA","62,109"
"Walton, GA","63,847"
"Ware, GA","35,426"
"Warren, GA","6,356"
"Washington, GA","21,170"
"Wayne, GA","26,888"
"Webster, GA","2,369"
"Wheeler, GA","6,697"
"White, GA","21,124"
"Whitfield, GA","86,332"
"Wilcox, GA","8,868"
"Wilkes, GA","10,658"
"Wilkinson, GA","10,227"
"Worth, GA","22,019"
"Hawaii, HI","151,690"
"Honolulu, HI","882,755"
"Kalawao, HI",138
"Kauai, HI","59,075"
"Maui, HI","132,290"
"Ada, ID","313,896"
"Adams, ID","3,495"
"Bannock, ID","76,296"
"Bear Lake, ID","6,394"
"Benewah, ID","8,968"
"Bingham, ID","42,073"
"Blaine, ID","19,755"
"Boise, ID","6,733"
"Bonner, ID","36,980"
"Bonneville, ID","83,907"
"Boundary, ID","9,816"
"Butte, ID","2,853"
"Camas, ID","1,000"
"Canyon, ID","139,179"
"Caribou, ID","7,326"
"Cassia, ID","21,557"
"Clark, ID",965
"Clearwater, ID","8,689"
"Custer, ID","4,223"
"Elmore, ID","27,613"
"Franklin, ID","11,463"
"Fremont, ID","11,891"
"Gem, ID","15,393"
"Gooding, ID","14,215"
"Idaho, ID","15,447"
"Jefferson, ID","19,322"
"Jerome, ID","18,579"
"Kootenai, ID","111,542"
"Latah, ID","35,285"
"Lemhi, ID","7,593"
"Lewis, ID","3,599"
"Lincoln, ID","4,159"
"Madison, ID","27,699"
"Minidoka, ID","19,603"
"Nez Perce, ID","36,999"
"Oneida, ID","4,176"
"Owyhee, ID","10,877"
"Payette, ID","20,796"
"Power, ID","7,422"
"Shoshone, ID","13,464"
"Teton, ID","6,455"
"Twin Falls, ID","64,556"
"Valley, ID","7,773"
"Washington, ID","9,936"
"Adams, IL","68,014"
"Alexander, IL","9,592"
"Bond, IL","17,586"
"Boone, IL","43,220"
"Brown, IL","6,984"
"Bureau, IL","35,181"
"Calhoun, IL","5,045"
"Carroll, IL","16,405"
"Cass, IL","13,677"
"Champaign, IL","181,956"
"Christian, IL","35,240"
"Clark, IL","16,829"
"Clay, IL","14,260"
"Clinton, IL","35,792"
"Coles, IL","52,549"
"Cook, IL","5,360,562"
"Crawford, IL","20,363"
"Cumberland, IL","11,238"
"DeKalb, IL","90,545"
"De Witt, IL","16,792"
"Douglas, IL","20,032"
"DuPage, IL","911,474"
"Edgar, IL","19,465"
"Edwards, IL","6,879"
"Effingham, IL","34,334"
"Fayette, IL","21,695"
"Ford, IL","14,148"
"Franklin, IL","38,798"
"Fulton, IL","37,880"
"Gallatin, IL","6,279"
"Greene, IL","14,620"
"Grundy, IL","38,320"
"Hamilton, IL","8,527"
"Hancock, IL","20,069"
"Hardin, IL","4,765"
"Henderson, IL","8,150"
"Henry, IL","50,714"
"Iroquois, IL","31,022"
"Jackson, IL","59,530"
"Jasper, IL","10,056"
"Jefferson, IL","39,874"
"Jersey, IL","21,751"
"Jo Daviess, IL","22,486"
"Johnson, IL","12,794"
"Kane, IL","423,975"
"Kankakee, IL","104,490"
"Kendall, IL","58,437"
"Knox, IL","55,329"
"Lake, IL","658,986"
"La Salle, IL","112,212"
"Lawrence, IL","15,527"
"Lee, IL","36,100"
"Livingston, IL","39,881"
"Logan, IL","30,934"
"McDonough, IL","32,789"
"McHenry, IL","267,632"
"McLean, IL","152,713"
"Macon, IL","113,604"
"Macoupin, IL","48,788"
"Madison, IL","260,343"
"Marion, IL","41,393"
"Marshall, IL","12,917"
"Mason, IL","15,960"
"Massac, IL","15,077"
"Menard, IL","12,503"
"Mercer, IL","16,910"
"Monroe, IL","28,302"
"Montgomery, IL","30,516"
"Morgan, IL","36,403"
"Moultrie, IL","14,324"
"Ogle, IL","51,468"
"Peoria, IL","182,348"
"Perry, IL","23,006"
"Piatt, IL","16,357"
"Pike, IL","17,178"
"Pope, IL","4,376"
"Pulaski, IL","7,118"
"Putnam, IL","6,052"
"Randolph, IL","34,127"
"Richland, IL","16,162"
"Rock Island, IL","148,734"
"St Clair, IL","256,540"
"Saline, IL","26,249"
"Sangamon, IL","189,924"
"Schuyler, IL","7,123"
"Scott, IL","5,541"
"Shelby, IL","22,702"
"Stark, IL","6,308"
"Stephenson, IL","48,625"
"Tazewell, IL","128,468"
"Union, IL","18,116"
"Vermilion, IL","83,646"
"Wabash, IL","12,755"
"Warren, IL","18,471"
"Washington, IL","15,258"
"Wayne, IL","17,068"
"White, IL","15,286"
"Whiteside, IL","60,511"
"Will, IL","530,086"
"Williamson, IL","61,737"
"Winnebago, IL","280,009"
"Woodford, IL","35,559"
"Adams, IN","33,556"
"Allen, IN","334,956"
"Bartholomew, IN","72,110"
"Benton, IN","9,313"
"Blackford, IN","13,735"
"Boone, IN","47,035"
"Brown, IN","15,200"
"Carroll, IN","20,298"
"Cass, IN","40,859"
"Clark, IN","97,228"
"Clay, IN","26,605"
"Clinton, IN","33,809"
"Crawford, IN","10,922"
"Daviess, IN","29,755"
"Dearborn, IN","46,726"
"Decatur, IN","24,585"
"DeKalb, IN","40,576"
"Delaware, IN","120,281"
"Dubois, IN","40,142"
"Elkhart, IN","184,708"
"Fayette, IN","25,263"
"Floyd, IN","71,441"
"Fountain, IN","17,752"
"Franklin, IN","22,315"
"Fulton, IN","20,509"
"Gibson, IN","32,647"
"Grant, IN","72,905"
"Greene, IN","33,195"
"Hamilton, IN","194,664"
"Hancock, IN","56,729"
"Harrison, IN","34,863"
"Hendricks, IN","110,144"
"Henry, IN","48,397"
"Howard, IN","84,909"
"Huntington, IN","37,877"
"Jackson, IN","41,343"
"Jasper, IN","30,417"
"Jay, IN","21,726"
"Jefferson, IN","31,887"
"Jennings, IN","27,932"
"Johnson, IN","117,843"
"Knox, IN","38,840"
"Kosciusko, IN","74,756"
"LaGrange, IN","35,299"
"Lake, IN","484,454"
"LaPorte, IN","110,077"
"Lawrence, IN","45,965"
"Madison, IN","132,920"
"Marion, IN","865,662"
"Marshall, IN","45,534"
"Martin, IN","10,311"
"Miami, IN","36,475"
"Monroe, IN","121,696"
"Montgomery, IN","37,793"
"Morgan, IN","66,884"
"Newton, IN","14,358"
"Noble, IN","47,110"
"Ohio, IN","5,633"
"Orange, IN","19,373"
"Owen, IN","21,954"
"Parke, IN","17,202"
"Perry, IN","18,893"
"Pike, IN","12,905"
"Porter, IN","148,372"
"Posey, IN","26,933"
"Pulaski, IN","13,627"
"Putnam, IN","36,382"
"Randolph, IN","27,166"
"Ripley, IN","27,130"
"Rush, IN","18,145"
"St Joseph, IN","265,502"
"Scott, IN","23,332"
"Shelby, IN","43,746"
"Spencer, IN","20,465"
"Starke, IN","23,217"
"Steuben, IN","33,556"
"Sullivan, IN","21,771"
"Switzerland, IN","9,465"
"Tippecanoe, IN","151,095"
"Tipton, IN","16,508"
"Union, IN","7,323"
"Vanderburgh, IN","172,449"
"Vermillion, IN","16,639"
"Vigo, IN","105,482"
"Wabash, IN","34,700"
"Warren, IN","8,553"
"Warrick, IN","52,780"
"Washington, IN","27,484"
"Wayne, IN","70,712"
"Wells, IN","27,626"
"White, IN","25,351"
"Whitley, IN","30,998"
"Adair, IA","8,132"
"Adams, IA","4,402"
"Allamakee, IA","14,333"
"Appanoose, IA","13,578"
"Audubon, IA","6,664"
"Benton, IA","25,532"
"Black Hawk, IA","127,765"
"Boone, IA","26,249"
"Bremer, IA","23,506"
"Buchanan, IA","20,952"
"Buena Vista, IA","20,241"
"Butler, IA","15,065"
"Calhoun, IA","10,918"
"Carroll, IA","21,225"
"Cass, IA","14,488"
"Cedar, IA","18,126"
"Cerro Gordo, IA","45,844"
"Cherokee, IA","12,905"
"Chickasaw, IA","13,192"
"Clarke, IA","9,207"
"Clay, IA","17,256"
"Clayton, IA","18,529"
"Clinton, IA","49,889"
"Crawford, IA","16,960"
"Dallas, IA","43,204"
"Davis, IA","8,588"
"Decatur, IA","8,669"
"Delaware, IA","18,294"
"Des Moines, IA","41,820"
"Dickinson, IA","16,477"
"Dubuque, IA","88,932"
"Emmet, IA","10,890"
"Fayette, IA","21,791"
"Floyd, IA","16,660"
"Franklin, IA","10,618"
"Fremont, IA","7,874"
"Greene, IA","10,150"
"Grundy, IA","12,319"
"Guthrie, IA","11,225"
"Hamilton, IA","16,236"
"Hancock, IA","11,954"
"Hardin, IA","18,669"
"Harrison, IA","15,592"
"Henry, IA","20,408"
"Howard, IA","9,908"
"Humboldt, IA","10,335"
"Ida, IA","7,704"
"Iowa, IA","15,868"
"Jackson, IA","20,267"
"Jasper, IA","37,377"
"Jefferson, IA","16,207"
"Johnson, IA","113,546"
"Jones, IA","20,254"
"Keokuk, IA","11,369"
"Kossuth, IA","16,912"
"Lee, IA","37,435"
"Linn, IA","194,359"
"Louisa, IA","12,184"
"Lucas, IA","9,386"
"Lyon, IA","11,684"
"Madison, IA","14,144"
"Mahaska, IA","22,407"
"Marion, IA","32,583"
"Marshall, IA","39,414"
"Mills, IA","14,497"
"Mitchell, IA","10,736"
"Monona, IA","9,860"
"Monroe, IA","7,986"
"Montgomery, IA","11,509"
"Muscatine, IA","41,760"
"O'Brien, IA","14,950"
"Osceola, IA","6,963"
"Page, IA","16,822"
"Palo Alto, IA","10,051"
"Plymouth, IA","24,847"
"Pocahontas, IA","8,465"
"Polk, IA","380,108"
"Pottawattamie, IA","87,953"
"Poweshiek, IA","18,972"
"Ringgold, IA","5,415"
"Sac, IA","11,403"
"Scott, IA","158,203"
"Shelby, IA","12,990"
"Sioux, IA","31,952"
"Story, IA","80,260"
"Tama, IA","18,080"
"Taylor, IA","6,894"
"Union, IA","12,240"
"Van Buren, IA","7,716"
"Wapello, IA","35,947"
"Warren, IA","41,080"
"Washington, IA","21,064"
"Wayne, IA","6,655"
"Webster, IA","40,045"
"Winnebago, IA","11,586"
"Winneshiek, IA","21,258"
"Woodbury, IA","103,129"
"Worth, IA","7,797"
"Wright, IA","14,133"
"Allen, KS","14,171"
"Anderson, KS","8,195"
"Atchison, KS","16,868"
"Barber, KS","5,158"
"Barton, KS","27,771"
"Bourbon, KS","15,368"
"Brown, KS","10,555"
"Butler, KS","59,894"
"Chase, KS","2,966"
"Chautauqua, KS","4,240"
"Cherokee, KS","22,338"
"Cheyenne, KS","3,083"
"Clark, KS","2,393"
"Clay, KS","8,730"
"Cloud, KS","10,090"
"Coffey, KS","8,828"
"Comanche, KS","1,984"
"Cowley, KS","36,103"
"Crawford, KS","38,434"
"Decatur, KS","3,450"
"Dickinson, KS","19,138"
"Doniphan, KS","8,219"
"Douglas, KS","101,269"
"Edwards, KS","3,376"
"Elk, KS","3,147"
"Ellis, KS","27,591"
"Ellsworth, KS","6,477"
"Finney, KS","39,730"
"Ford, KS","32,182"
"Franklin, KS","25,000"
"Geary, KS","27,821"
"Gove, KS","3,044"
"Graham, KS","2,896"
"Grant, KS","7,789"
"Gray, KS","5,921"
"Greeley, KS","1,524"
"Greenwood, KS","7,653"
"Hamilton, KS","2,675"
"Harper, KS","6,436"
"Harvey, KS","32,961"
"Haskell, KS","4,246"
"Hodgeman, KS","2,118"
"Jackson, KS","12,672"
"Jefferson, KS","18,640"
"Jewell, KS","3,603"
"Johnson, KS","463,554"
"Kearny, KS","4,489"
"Kingman, KS","8,597"
"Kiowa, KS","3,160"
"Labette, KS","22,436"
"Lane, KS","2,104"
"Leavenworth, KS","69,906"
"Lincoln, KS","3,560"
"Linn, KS","9,734"
"Logan, KS","2,992"
"Lyon, KS","36,049"
"McPherson, KS","29,489"
"Marion, KS","13,377"
"Marshall, KS","10,791"
"Meade, KS","4,669"
"Miami, KS","28,770"
"Mitchell, KS","6,772"
"Montgomery, KS","35,935"
"Morris, KS","6,061"
"Morton, KS","3,393"
"Nemaha, KS","10,494"
"Neosho, KS","16,884"
"Ness, KS","3,391"
"Norton, KS","5,863"
"Osage, KS","16,657"
"Osborne, KS","4,342"
"Ottawa, KS","6,142"
"Pawnee, KS","7,068"
"Phillips, KS","5,903"
"Pottawatomie, KS","18,412"
"Pratt, KS","9,579"
"Rawlins, KS","2,917"
"Reno, KS","64,584"
"Republic, KS","5,685"
"Rice, KS","10,609"
"Riley, KS","62,962"
"Rooks, KS","5,560"
"Rush, KS","3,511"
"Russell, KS","7,179"
"Saline, KS","53,952"
"Scott, KS","5,110"
"Sedgwick, KS","456,887"
"Seward, KS","22,544"
"Shawnee, KS","170,320"
"Sheridan, KS","2,728"
"Sherman, KS","6,606"
"Smith, KS","4,416"
"Stafford, KS","4,723"
"Stanton, KS","2,410"
"Stevens, KS","5,428"
"Sumner, KS","25,704"
"Thomas, KS","8,164"
"Trego, KS","3,225"
"Wabaunsee, KS","6,801"
"Wallace, KS","1,695"
"Washington, KS","6,281"
"Wichita, KS","2,511"
"Wilson, KS","10,216"
"Woodson, KS","3,742"
"Wyandotte, KS","158,372"
"Adair, KY","17,584"
"Allen, KY","17,947"
"Anderson, KY","19,382"
"Ballard, KY","8,225"
"Barren, KY","38,517"
"Bath, KY","11,280"
"Bell, KY","29,561"
"Boone, KY","90,277"
"Bourbon, KY","19,443"
"Boyd, KY","49,595"
"Boyle, KY","27,472"
"Bracken, KY","8,334"
"Breathitt, KY","15,664"
"Breckinridge, KY","18,837"
"Bullitt, KY","62,596"
"Butler, KY","13,015"
"Caldwell, KY","12,843"
"Calloway, KY","34,439"
"Campbell, KY","88,843"
"Carlisle, KY","5,305"
"Carroll, KY","10,193"
"Carter, KY","26,991"
"Casey, KY","15,563"
"Christian, KY","73,397"
"Clark, KY","33,390"
"Clay, KY","24,203"
"Clinton, KY","9,696"
"Crittenden, KY","9,310"
"Cumberland, KY","7,157"
"Daviess, KY","91,707"
"Edmonson, KY","11,728"
"Elliott, KY","6,694"
"Estill, KY","15,293"
"Fayette, KY","263,990"
"Fleming, KY","14,016"
"Floyd, KY","41,844"
"Franklin, KY","48,185"
"Fulton, KY","7,753"
"Gallatin, KY","8,004"
"Garrard, KY","15,090"
"Grant, KY","22,972"
"Graves, KY","36,869"
"Grayson, KY","24,170"
"Green, KY","11,566"
"Greenup, KY","36,804"
"Hancock, KY","8,431"
"Hardin, KY","93,715"
"Harlan, KY","32,184"
"Harrison, KY","18,007"
"Hart, KY","17,291"
"Henderson, KY","44,865"
"Henry, KY","15,113"
"Hickman, KY","5,234"
"Hopkins, KY","46,148"
"Jackson, KY","13,611"
"Jefferson, KY","697,159"
"Jessamine, KY","39,819"
"Johnson, KY","23,230"
"Kenton, KY","151,974"
"Knott, KY","17,411"
"Knox, KY","31,431"
"Larue, KY","13,436"
"Laurel, KY","53,604"
"Lawrence, KY","15,566"
"Lee, KY","7,922"
"Leslie, KY","12,183"
"Letcher, KY","24,862"
"Lewis, KY","13,990"
"Lincoln, KY","23,704"
"Livingston, KY","9,795"
"Logan, KY","26,609"
"Lyon, KY","8,149"
"McCracken, KY","64,825"
"McCreary, KY","17,144"
"McLean, KY","9,853"
"Madison, KY","72,571"
"Magoffin, KY","13,195"
"Marion, KY","18,404"
"Marshall, KY","30,145"
"Martin, KY","12,589"
"Mason, KY","16,808"
"Meade, KY","28,506"
"Menifee, KY","6,631"
"Mercer, KY","20,755"
"Metcalfe, KY","10,075"
"Monroe, KY","11,684"
"Montgomery, KY","22,851"
"Morgan, KY","14,046"
"Muhlenberg, KY","31,768"
"Nelson, KY","38,128"
"Nicholas, KY","6,878"
"Ohio, KY","23,040"
"Oldham, KY","47,933"
"Owen, KY","10,591"
"Owsley, KY","4,809"
"Pendleton, KY","14,593"
"Perry, KY","29,112"
"Pike, KY","67,607"
"Powell, KY","13,213"
"Pulaski, KY","56,911"
"Robertson, KY","2,256"
"Rockcastle, KY","16,572"
"Rowan, KY","22,323"
"Russell, KY","16,367"
"Scott, KY","34,547"
"Shelby, KY","34,047"
"Simpson, KY","16,599"
"Spencer, KY","12,559"
"Taylor, KY","22,918"
"Todd, KY","12,021"
"Trigg, KY","12,803"
"Trimble, KY","8,449"
"Union, KY","15,330"
"Warren, KY","94,211"
"Washington, KY","10,997"
"Wayne, KY","19,949"
"Webster, KY","13,945"
"Whitley, KY","36,091"
"Wolfe, KY","6,965"
"Woodford, KY","23,331"
"Acadia, LA","58,844"
"Allen, LA","25,399"
"Ascension, LA","79,210"
"Assumption, LA","23,194"
"Avoyelles, LA","41,274"
"Beauregard, LA","33,001"
"Bienville, LA","15,400"
"Bossier, LA","100,986"
"Caddo, LA","249,815"
"Calcasieu, LA","183,296"
"Caldwell, LA","10,429"
"Cameron, LA","9,875"
"Catahoula, LA","10,767"
"Claiborne, LA","16,810"
"Concordia, LA","20,134"
"De Soto, LA","25,449"
"East Baton Rouge, LA","411,666"
"East Carroll, LA","9,136"
"East Feliciana, LA","20,978"
"Evangeline, LA","35,155"
"Franklin, LA","21,070"
"Grant, LA","18,896"
"Iberia, LA","72,993"
"Iberville, LA","33,327"
"Jackson, LA","15,517"
"Jefferson, LA","453,154"
"Jefferson Davis, LA","31,232"
"Lafayette, LA","191,725"
"Lafourche, LA","90,105"
"La Salle, LA","14,207"
"Lincoln, LA","42,625"
"Livingston, LA","95,597"
"Madison, LA","13,493"
"Morehouse, LA","30,605"
"Natchitoches, LA","38,844"
"Orleans, LA","487,363"
"Ouachita, LA","146,789"
"Plaquemines, LA","27,029"
"Pointe Coupee, LA","22,574"
"Rapides, LA","126,206"
"Red River, LA","9,494"
"Richland, LA","20,880"
"Sabine, LA","23,379"
"St Bernard, LA","68,028"
"St Charles, LA","48,461"
"St Helena, LA","10,524"
"St James, LA","21,291"
"St John the Baptist, LA","43,580"
"St Landry, LA","86,416"
"St Martin, LA","48,971"
"St Mary, LA","53,044"
"St Tammany, LA","195,622"
"Tangipahoa, LA","101,657"
"Tensas, LA","6,334"
"Terrebonne, LA","105,255"
"Union, LA","22,783"
"Vermilion, LA","54,217"
"Vernon, LA","52,958"
"Washington, LA","43,992"
"Webster, LA","41,372"
"West Baton Rouge, LA","21,703"
"West Carroll, LA","12,095"
"West Feliciana, LA","15,152"
"Winn, LA","16,498"
"Androscoggin, ME","104,260"
"Aroostook, ME","72,962"
"Cumberland, ME","268,391"
"Franklin, ME","29,631"
"Hancock, ME","52,109"
"Kennebec, ME","118,024"
"Knox, ME","39,884"
"Lincoln, ME","33,968"
"Oxford, ME","55,157"
"Penobscot, ME","146,110"
"Piscataquis, ME","17,203"
"Sagadahoc, ME","35,323"
"Somerset, ME","50,871"
"Waldo, ME","37,039"
"Washington, ME","33,499"
"York, ME","191,261"
"Allegany, MD","74,525"
"Anne Arundel, MD","498,559"
"Baltimore, MD","762,925"
"Calvert, MD","77,218"
"Caroline, MD","29,814"
"Carroll, MD","154,037"
"Cecil, MD","88,228"
"Charles, MD","124,745"
"Dorchester, MD","30,647"
"Frederick, MD","202,315"
"Garrett, MD","29,812"
"Harford, MD","222,753"
"Howard, MD","255,211"
"Kent, MD","19,330"
"Montgomery, MD","891,764"
"Prince George's, MD","817,360"
"Queen Anne's, MD","41,253"
"St Mary's, MD","87,455"
"Somerset, MD","25,157"
"Talbot, MD","34,231"
"Washington, MD","133,093"
"Wicomico, MD","85,637"
"Worcester, MD","47,889"
"Baltimore City, MD","640,733"
"Barnstable, MA","224,087"
"Berkshire, MA","133,928"
"Bristol, MA","538,282"
"Dukes, MA","15,261"
"Essex, MA","730,206"
"Franklin, MA","71,557"
"Hampden, MA","456,557"
"Hampshire, MA","152,518"
"Middlesex, MA","1,473,021"
"Nantucket, MA","9,415"
"Norfolk, MA","653,137"
"Plymouth, MA","478,222"
"Suffolk, MA","700,232"
"Worcester, MA","761,211"
"Alcona, MI","11,665"
"Alger, MI","9,815"
"Allegan, MI","107,367"
"Alpena, MI","31,179"
"Antrim, MI","23,485"
"Arenac, MI","17,206"
"Baraga, MI","8,899"
"Barry, MI","57,572"
"Bay, MI","109,836"
"Benzie, MI","16,490"
"Berrien, MI","161,153"
"Branch, MI","46,099"
"Calhoun, MI","138,158"
"Cass, MI","51,395"
"Charlevoix, MI","26,437"
"Cheboygan, MI","26,881"
"Chippewa, MI","38,518"
"Clare, MI","31,405"
"Clinton, MI","66,098"
"Crawford, MI","14,392"
"Delta, MI","38,356"
"Dickinson, MI","27,136"
"Eaton, MI","104,848"
"Emmet, MI","31,998"
"Genesee, MI","438,584"
"Gladwin, MI","26,453"
"Gogebic, MI","17,612"
"Grand Traverse, MI","79,915"
"Gratiot, MI","42,521"
"Hillsdale, MI","46,736"
"Houghton, MI","35,701"
"Huron, MI","35,760"
"Ingham, MI","281,105"
"Ionia, MI","62,079"
"Iosco, MI","27,204"
"Iron, MI","12,879"
"Isabella, MI","64,231"
"Jackson, MI","159,772"
"Kalamazoo, MI","240,080"
"Kalkaska, MI","16,873"
"Kent, MI","581,224"
"Keweenaw, MI","2,264"
"Lake, MI","11,444"
"Lapeer, MI","89,102"
"Leelanau, MI","21,490"
"Lenawee, MI","99,626"
"Livingston, MI","163,146"
"Luce, MI","7,089"
"Mackinac, MI","11,803"
"Macomb, MI","800,571"
"Manistee, MI","24,725"
"Marquette, MI","64,738"
"Mason, MI","28,475"
"Mecosta, MI","41,003"
"Menominee, MI","25,170"
"Midland, MI","83,576"
"Missaukee, MI","14,590"
"Monroe, MI","147,605"
"Montcalm, MI","62,083"
"Montmorency, MI","10,389"
"Muskegon, MI","171,055"
"Newaygo, MI","48,564"
"Oakland, MI","1,200,425"
"Oceana, MI","26,934"
"Ogemaw, MI","21,787"
"Ontonagon, MI","7,758"
"Osceola, MI","23,434"
"Oscoda, MI","9,433"
"Otsego, MI","23,829"
"Ottawa, MI","243,673"
"Presque Isle, MI","14,273"
"Roscommon, MI","25,655"
"Saginaw, MI","209,460"
"St Clair, MI","165,444"
"St Joseph, MI","62,404"
"Sanilac, MI","44,713"
"Schoolcraft, MI","8,863"
"Shiawassee, MI","72,016"
"Tuscola, MI","58,220"
"Van Buren, MI","76,432"
"Washtenaw, MI","328,749"
"Wayne, MI","2,043,167"
"Wexford, MI","30,826"
"Aitkin, MN","15,334"
"Anoka, MN","304,823"
"Becker, MN","30,392"
"Beltrami, MN","40,406"
"Benton, MN","35,346"
"Big Stone, MN","5,678"
"Blue Earth, MN","56,808"
"Brown, MN","26,932"
"Carlton, MN","32,110"
"Carver, MN","72,945"
"Cass, MN","27,587"
"Chippewa, MN","12,815"
"Chisago, MN","43,466"
"Clay, MN","51,513"
"Clearwater, MN","8,384"
"Cook, MN","5,155"
"Cottonwood, MN","12,140"
"Crow Wing, MN","55,973"
"Dakota, MN","363,602"
"Dodge, MN","18,118"
"Douglas, MN","33,201"
"Faribault, MN","15,929"
"Fillmore, MN","21,184"
"Freeborn, MN","32,474"
"Goodhue, MN","44,574"
"Grant, MN","6,261"
"Hennepin, MN","1,123,375"
"Houston, MN","19,863"
"Hubbard, MN","18,533"
"Isanti, MN","32,428"
"Itasca, MN","43,810"
"Jackson, MN","10,952"
"Kanabec, MN","15,266"
"Kandiyohi, MN","41,272"
"Kittson, MN","5,188"
"Koochiching, MN","14,124"
"Lac qui Parle, MN","7,914"
"Lake, MN","11,145"
"Lake of the Woods, MN","4,452"
"Le Sueur, MN","25,654"
"Lincoln, MN","6,335"
"Lyon, MN","25,474"
"McLeod, MN","35,144"
"Mahnomen, MN","5,211"
"Marshall, MN","9,948"
"Martin, MN","21,500"
"Meeker, MN","22,862"
"Mille Lacs, MN","22,865"
"Morrison, MN","32,102"
"Mower, MN","38,755"
"Murray, MN","9,111"
"Nicollet, MN","30,297"
"Nobles, MN","20,847"
"Norman, MN","7,328"
"Olmsted, MN","126,737"
"Otter Tail, MN","57,076"
"Pennington, MN","13,373"
"Pine, MN","27,125"
"Pipestone, MN","9,854"
"Polk, MN","31,096"
"Pope, MN","11,153"
"Ramsey, MN","512,926"
"Red Lake, MN","4,273"
"Redwood, MN","16,666"
"Renville, MN","16,880"
"Rice, MN","57,731"
"Rock, MN","9,696"
"Roseau, MN","16,164"
"St Louis, MN","201,307"
"Scott, MN","96,903"
"Sherburne, MN","68,220"
"Sibley, MN","15,395"
"Stearns, MN","135,241"
"Steele, MN","34,154"
"Stevens, MN","9,988"
"Swift, MN","11,220"
"Todd, MN","24,567"
"Traverse, MN","3,978"
"Wabasha, MN","21,764"
"Wadena, MN","13,737"
"Waseca, MN","19,486"
"Washington, MN","207,206"
"Watonwan, MN","11,856"
"Wilkin, MN","6,989"
"Winona, MN","50,072"
"Wright, MN","93,922"
"Yellow Medicine, MN","11,136"
"Adams, MS","33,945"
"Alcorn, MS","34,746"
"Amite, MS","13,471"
"Attala, MS","19,595"
"Benton, MS","8,006"
"Bolivar, MS","39,723"
"Calhoun, MS","14,991"
"Carroll, MS","10,699"
"Chickasaw, MS","19,266"
"Choctaw, MS","9,545"
"Claiborne, MS","11,519"
"Clarke, MS","17,556"
"Clay, MS","21,811"
"Coahoma, MS","30,172"
"Copiah, MS","28,857"
"Covington, MS","19,332"
"DeSoto, MS","113,401"
"Forrest, MS","71,846"
"Franklin, MS","8,286"
"George, MS","19,459"
"Greene, MS","13,231"
"Grenada, MS","22,898"
"Hancock, MS","44,172"
"Harrison, MS","190,922"
"Hinds, MS","248,941"
"Holmes, MS","21,091"
"Humphreys, MS","10,969"
"Issaquena, MS","2,157"
"Itawamba, MS","22,869"
"Jackson, MS","133,069"
"Jasper, MS","18,230"
"Jefferson, MS","9,436"
"Jefferson Davis, MS","13,630"
"Jones, MS","64,855"
"Kemper, MS","10,712"
"Lafayette, MS","39,292"
"Lamar, MS","41,100"
"Lauderdale, MS","77,780"
"Lawrence, MS","13,235"
"Leake, MS","21,563"
"Lee, MS","76,537"
"Leflore, MS","36,775"
"Lincoln, MS","33,188"
"Lowndes, MS","60,958"
"Madison, MS","76,580"
"Marion, MS","25,391"
"Marshall, MS","35,052"
"Monroe, MS","38,005"
"Montgomery, MS","12,042"
"Neshoba, MS","28,396"
"Newton, MS","21,715"
"Noxubee, MS","12,434"
"Oktibbeha, MS","43,186"
"Panola, MS","34,401"
"Pearl River, MS","49,083"
"Perry, MS","12,156"
"Pike, MS","38,739"
"Pontotoc, MS","27,274"
"Prentiss, MS","25,452"
"Quitman, MS","9,952"
"Rankin, MS","118,774"
"Scott, MS","28,321"
"Sharkey, MS","6,303"
"Simpson, MS","27,376"
"Smith, MS","16,181"
"Stone, MS","14,130"
"Sunflower, MS","34,042"
"Tallahatchie, MS","14,981"
"Tate, MS","25,653"
"Tippah, MS","20,979"
"Tishomingo, MS","19,020"
"Tunica, MS","9,416"
"Union, MS","25,649"
"Walthall, MS","15,114"
"Warren, MS","49,292"
"Washington, MS","61,221"
"Wayne, MS","21,258"
"Webster, MS","10,250"
"Wilkinson, MS","10,280"
"Winston, MS","20,031"
"Yalobusha, MS","13,265"
"Yazoo, MS","27,764"
"Adair, MO","24,967"
"Andrew, MO","16,580"
"Atchison, MO","6,344"
"Audrain, MO","25,784"
"Barry, MO","33,981"
"Barton, MO","12,684"
"Bates, MO","16,801"
"Benton, MO","17,399"
"Bollinger, MO","12,294"
"Boone, MO","138,181"
"Buchanan, MO","86,026"
"Butler, MO","40,837"
"Caldwell, MO","9,006"
"Callaway, MO","41,490"
"Camden, MO","37,497"
"Cape Girardeau, MO","69,340"
"Carroll, MO","10,136"
"Carter, MO","5,915"
"Cass, MO","84,504"
"Cedar, MO","13,901"
"Chariton, MO","8,276"
"Christian, MO","56,824"
"Clark, MO","7,433"
"Clay, MO","188,024"
"Clinton, MO","19,371"
"Cole, MO","71,650"
"Cooper, MO","16,714"
"Crawford, MO","22,876"
"Dade, MO","7,920"
"Dallas, MO","15,802"
"Daviess, MO","7,972"
"DeKalb, MO","13,111"
"Dent, MO","15,088"
"Douglas, MO","13,070"
"Dunklin, MO","33,006"
"Franklin, MO","94,872"
"Gasconade, MO","15,395"
"Gentry, MO","6,875"
"Greene, MO","243,305"
"Grundy, MO","10,427"
"Harrison, MO","8,779"
"Henry, MO","22,307"
"Hickory, MO","9,036"
"Holt, MO","5,310"
"Howard, MO","10,155"
"Howell, MO","37,259"
"Iron, MO","10,616"
"Jackson, MO","657,012"
"Jasper, MO","105,628"
"Jefferson, MO","200,682"
"Johnson, MO","49,355"
"Knox, MO","4,296"
"Laclede, MO","32,889"
"Lafayette, MO","32,927"
"Lawrence, MO","35,665"
"Lewis, MO","10,420"
"Lincoln, MO","40,610"
"Linn, MO","13,617"
"Livingston, MO","14,596"
"McDonald, MO","21,688"
"Macon, MO","15,613"
"Madison, MO","11,855"
"Maries, MO","8,822"
"Marion, MO","28,115"
"Mercer, MO","3,750"
"Miller, MO","23,911"
"Mississippi, MO","13,424"
"Moniteau, MO","14,805"
"Monroe, MO","9,291"
"Montgomery, MO","12,120"
"Morgan, MO","19,543"
"New Madrid, MO","19,638"
"Newton, MO","52,939"
"Nodaway, MO","22,070"
"Oregon, MO","10,219"
"Osage, MO","13,046"
"Ozark, MO","9,447"
"Pemiscot, MO","19,887"
"Perry, MO","18,171"
"Pettis, MO","39,577"
"Phelps, MO","40,219"
"Pike, MO","18,258"
"Platte, MO","76,143"
"Polk, MO","27,421"
"Pulaski, MO","43,558"
"Putnam, MO","5,203"
"Ralls, MO","9,704"
"Randolph, MO","24,679"
"Ray, MO","23,427"
"Reynolds, MO","6,557"
"Ripley, MO","13,460"
"St Charles, MO","294,908"
"St Clair, MO","9,656"
"Ste Genevieve, MO","18,013"
"St Francois, MO","56,242"
"St Louis, MO","1,016,243"
"Saline, MO","23,399"
"Schuyler, MO","4,184"
"Scotland, MO","4,956"
"Scott, MO","40,206"
"Shannon, MO","8,303"
"Shelby, MO","6,787"
"Stoddard, MO","29,772"
"Stone, MO","28,841"
"Sullivan, MO","7,237"
"Taney, MO","40,609"
"Texas, MO","24,174"
"Vernon, MO","20,514"
"Warren, MO","25,426"
"Washington, MO","23,514"
"Wayne, MO","13,368"
"Webster, MO","31,863"
"Worth, MO","2,324"
"Wright, MO","17,963"
"St Louis City, MO","343,243"
"Beaverhead, MT","9,058"
"Big Horn, MT","12,783"
"Blaine, MT","6,748"
"Broadwater, MT","4,438"
"Carbon, MT","9,665"
"Carter, MT","1,337"
"Cascade, MT","80,055"
"Chouteau, MT","5,899"
"Custer, MT","11,484"
"Daniels, MT","1,999"
"Dawson, MT","8,963"
"Deer Lodge, MT","9,303"
"Fallon, MT","2,741"
"Fergus, MT","11,736"
"Flathead, MT","76,171"
"Gallatin, MT","70,120"
"Garfield, MT","1,269"
"Glacier, MT","13,098"
"Golden Valley, MT",992
"Granite, MT","2,905"
"Hill, MT","16,378"
"Jefferson, MT","10,087"
"Judith Basin, MT","2,266"
"Lake, MT","26,810"
"Lewis and Clark, MT","56,262"
"Liberty, MT","2,163"
"Lincoln, MT","18,646"
"McCone, MT","1,874"
"Madison, MT","6,856"
"Meagher, MT","1,906"
"Mineral, MT","3,839"
"Missoula, MT","97,435"
"Musselshell, MT","4,368"
"Park, MT","15,651"
"Petroleum, MT",490
"Phillips, MT","4,498"
"Pondera, MT","6,360"
"Powder River, MT","1,814"
"Powell, MT","7,033"
"Prairie, MT","1,208"
"Ravalli, MT","36,683"
"Richland, MT","9,424"
"Roosevelt, MT","10,558"
"Rosebud, MT","9,248"
"Sanders, MT","10,489"
"Sheridan, MT","3,952"
"Silver Bow, MT","33,882"
"Stillwater, MT","8,392"
"Sweet Grass, MT","3,594"
"Teton, MT","6,373"
"Toole, MT","5,228"
"Treasure, MT",836
"Valley, MT","7,587"
"Wheatland, MT","2,174"
"Wibaux, MT","1,032"
"Yellowstone, MT","130,801"
"Adams, NE","31,021"
"Antelope, NE","7,242"
"Arthur, NE",423
"Banner, NE",808
"Blaine, NE",564
"Boone, NE","6,146"
"Box Butte, NE","11,985"
"Boyd, NE","2,390"
"Brown, NE","3,510"
"Buffalo, NE","42,418"
"Burt, NE","7,659"
"Butler, NE","8,878"
"Cass, NE","24,460"
"Cedar, NE","9,470"
"Chase, NE","4,003"
"Cherry, NE","6,060"
"Cheyenne, NE","9,943"
"Clay, NE","6,944"
"Colfax, NE","10,440"
"Cuming, NE","10,054"
"Custer, NE","11,593"
"Dakota, NE","20,331"
"Dawes, NE","9,162"
"Dawson, NE","24,359"
"Deuel, NE","2,085"
"Dixon, NE","6,156"
"Dodge, NE","36,143"
"Douglas, NE","468,125"
"Dundy, NE","2,179"
"Fillmore, NE","6,493"
"Franklin, NE","3,467"
"Frontier, NE","3,069"
"Furnas, NE","5,232"
"Gage, NE","23,039"
"Garden, NE","2,306"
"Garfield, NE","1,913"
"Gosper, NE","2,096"
"Grant, NE",743
"Greeley, NE","2,700"
"Hall, NE","53,508"
"Hamilton, NE","9,307"
"Harlan, NE","3,732"
"Hayes, NE","1,088"
"Hitchcock, NE","3,095"
"Holt, NE","11,346"
"Hooker, NE",745
"Howard, NE","6,448"
"Jefferson, NE","8,288"
"Johnson, NE","4,491"
"Kearney, NE","6,842"
"Keith, NE","8,767"
"Keya Paha, NE",966
"Kimball, NE","4,055"
"Knox, NE","9,177"
"Lancaster, NE","254,630"
"Lincoln, NE","34,669"
"Logan, NE",780
"Loup, NE",715
"McPherson, NE",534
"Madison, NE","35,601"
"Merrick, NE","8,045"
"Morrill, NE","5,344"
"Nance, NE","4,039"
"Nemaha, NE","7,446"
"Nuckolls, NE","4,947"
"Otoe, NE","15,554"
"Pawnee, NE","3,020"
"Perkins, NE","3,125"
"Phelps, NE","9,704"
"Pierce, NE","7,731"
"Platte, NE","31,319"
"Polk, NE","5,533"
"Red Willow, NE","11,483"
"Richardson, NE","9,260"
"Rock, NE","1,709"
"Saline, NE","14,004"
"Sarpy, NE","126,442"
"Saunders, NE","19,962"
"Scotts Bluff, NE","36,561"
"Seward, NE","16,607"
"Sheridan, NE","5,995"
"Sherman, NE","3,289"
"Sioux, NE","1,406"
"Stanton, NE","6,374"
"Thayer, NE","5,884"
"Thomas, NE",717
"Thurston, NE","7,085"
"Valley, NE","4,623"
"Washington, NE","19,134"
"Wayne, NE","9,788"
"Webster, NE","4,017"
"Wheeler, NE",858
"York, NE","14,438"
"Churchill, NV","24,342"
"Clark, NV","1,460,500"
"Douglas, NV","42,327"
"Elko, NV","45,063"
"Esmeralda, NV",966
"Eureka, NV","1,641"
"Humboldt, NV","15,211"
"Lander, NV","5,450"
"Lincoln, NV","4,194"
"Lyon, NV","36,012"
"Mineral, NV","4,852"
"Nye, NV","33,684"
"Pershing, NV","6,597"
"Storey, NV","3,382"
"Washoe, NV","351,959"
"White Pine, NV","8,747"
"Carson City, NV","53,472"
"Belknap, NH","57,597"
"Carroll, NH","44,200"
"Cheshire, NH","74,372"
"Coos, NH","33,113"
"Grafton, NH","82,233"
"Hillsborough, NH","387,414"
"Merrimack, NH","138,309"
"Rockingham, NH","282,932"
"Strafford, NH","114,382"
"Sullivan, NH","40,965"
"Atlantic, NJ","255,737"
"Bergen, NJ","888,782"
"Burlington, NJ","429,727"
"Camden, NJ","506,326"
"Cape May, NJ","102,023"
"Cumberland, NJ","146,451"
"Essex, NJ","794,312"
"Gloucester, NJ","258,783"
"Hudson, NJ","616,629"
"Hunterdon, NJ","124,500"
"Mercer, NJ","353,816"
"Middlesex, NJ","761,770"
"Monmouth, NJ","620,563"
"Morris, NJ","473,515"
"Ocean, NJ","523,357"
"Passaic, NJ","493,252"
"Salem, NJ","64,069"
"Somerset, NJ","301,671"
"Sussex, NJ","146,004"
"Union, NJ","526,183"
"Warren, NJ","105,201"
"Bernalillo, NM","564,241"
"Catron, NM","3,488"
"Chaves, NM","60,928"
"Cibola, NM","26,488"
"Colfax, NM","14,140"
"Curry, NM","44,964"
"De Baca, NM","2,174"
"Doï¿½a Ana, NM","176,496"
"Eddy, NM","50,765"
"Grant, NM","30,692"
"Guadalupe, NM","4,791"
"Harding, NM",781
"Hidalgo, NM","5,439"
"Lea, NM","55,377"
"Lincoln, NM","19,333"
"Los Alamos, NM","17,610"
"Luna, NM","24,593"
"McKinley, NM","74,387"
"Mora, NM","5,166"
"Otero, NM","61,277"
"Quay, NM","9,791"
"Rio Arriba, NM","40,870"
"Roosevelt, NM","18,377"
"Sandoval, NM","93,440"
"San Juan, NM","115,745"
"San Miguel, NM","29,788"
"Santa Fe, NM","131,057"
"Sierra, NM","12,960"
"Socorro, NM","17,907"
"Taos, NM","30,236"
"Torrance, NM","16,660"
"Union, NM","4,138"
"Valencia, NM","67,591"
"Albany, NY","296,232"
"Allegany, NY","50,079"
"Bronx, NY","1,346,555"
"Broome, NY","200,868"
"Cattaraugus, NY","83,346"
"Cayuga, NY","81,313"
"Chautauqua, NY","138,730"
"Chemung, NY","90,780"
"Chenango, NY","51,109"
"Clinton, NY","80,320"
"Columbia, NY","62,953"
"Cortland, NY","48,903"
"Delaware, NY","47,771"
"Dutchess, NY","284,712"
"Erie, NY","946,515"
"Essex, NY","38,893"
"Franklin, NY","50,925"
"Fulton, NY","54,904"
"Genesee, NY","60,321"
"Greene, NY","47,976"
"Hamilton, NY","5,312"
"Herkimer, NY","64,274"
"Jefferson, NY","111,422"
"Kings, NY","2,477,252"
"Lewis, NY","26,951"
"Livingston, NY","65,088"
"Madison, NY","69,852"
"Monroe, NY","739,891"
"Montgomery, NY","49,472"
"Nassau, NY","1,337,086"
"New York, NY","1,555,729"
"Niagara, NY","218,552"
"Oneida, NY","234,247"
"Onondaga, NY","458,576"
"Ontario, NY","100,819"
"Orange, NY","347,674"
"Orleans, NY","43,898"
"Oswego, NY","122,269"
"Otsego, NY","61,924"
"Putnam, NY","97,055"
"Queens, NY","2,231,316"
"Rensselaer, NY","152,700"
"Richmond, NY","448,961"
"Rockland, NY","290,613"
"St Lawrence, NY","111,497"
"Saratoga, NY","203,974"
"Schenectady, NY","146,334"
"Schoharie, NY","31,794"
"Schuyler, NY","19,175"
"Seneca, NY","34,764"
"Steuben, NY","99,216"
"Suffolk, NY","1,442,488"
"Sullivan, NY","74,143"
"Tioga, NY","51,712"
"Tompkins, NY","97,458"
"Ulster, NY","178,440"
"Warren, NY","63,406"
"Washington, NY","61,142"
"Wayne, NY","93,794"
"Westchester, NY","931,577"
"Wyoming, NY","43,061"
"Yates, NY","24,725"
"Alamance, NC","133,346"
"Alexander, NC","34,187"
"Alleghany, NC","10,740"
"Anson, NC","25,553"
"Ashe, NC","24,750"
"Avery, NC","17,706"
"Beaufort, NC","45,084"
"Bertie, NC","19,829"
"Bladen, NC","32,714"
"Brunswick, NC","76,005"
"Buncombe, NC","209,104"
"Burke, NC","89,525"
"Cabarrus, NC","136,463"
"Caldwell, NC","78,375"
"Camden, NC","7,100"
"Carteret, NC","59,790"
"Caswell, NC","23,610"
"Catawba, NC","144,865"
"Chatham, NC","51,482"
"Cherokee, NC","24,629"
"Chowan, NC","14,490"
"Clay, NC","9,086"
"Cleveland, NC","96,861"
"Columbus, NC","54,806"
"Craven, NC","93,325"
"Cumberland, NC","304,316"
"Currituck, NC","18,714"
"Dare, NC","30,826"
"Davidson, NC","149,663"
"Davie, NC","35,905"
"Duplin, NC","50,182"
"Durham, NC","228,978"
"Edgecombe, NC","55,792"
"Forsyth, NC","310,807"
"Franklin, NC","48,794"
"Gaston, NC","191,424"
"Gates, NC","10,546"
"Graham, NC","8,054"
"Granville, NC","50,137"
"Greene, NC","19,241"
"Guilford, NC","428,381"
"Halifax, NC","56,788"
"Harnett, NC","93,168"
"Haywood, NC","54,802"
"Henderson, NC","91,150"
"Hertford, NC","22,812"
"Hoke, NC","34,722"
"Hyde, NC","5,735"
"Iredell, NC","127,136"
"Jackson, NC","33,885"
"Johnston, NC","127,487"
"Jones, NC","10,215"
"Lee, NC","49,853"
"Lenoir, NC","59,421"
"Lincoln, NC","65,352"
"McDowell, NC","42,796"
"Macon, NC","30,415"
"Madison, NC","19,848"
"Martin, NC","25,211"
"Mecklenburg, NC","720,171"
"Mitchell, NC","15,860"
"Montgomery, NC","26,952"
"Moore, NC","76,259"
"Nash, NC","88,242"
"New Hanover, NC","164,386"
"Northampton, NC","22,063"
"Onslow, NC","151,068"
"Orange, NC","118,684"
"Pamlico, NC","12,848"
"Pasquotank, NC","34,787"
"Pender, NC","41,610"
"Perquimans, NC","11,533"
"Person, NC","36,085"
"Pitt, NC","136,605"
"Polk, NC","18,683"
"Randolph, NC","132,092"
"Richmond, NC","46,480"
"Robeson, NC","123,913"
"Rockingham, NC","92,268"
"Rowan, NC","131,852"
"Rutherford, NC","63,671"
"Sampson, NC","60,526"
"Scotland, NC","35,851"
"Stanly, NC","58,674"
"Stokes, NC","44,974"
"Surry, NC","71,782"
"Swain, NC","13,030"
"Transylvania, NC","29,619"
"Tyrrell, NC","4,166"
"Union, NC","131,661"
"Vance, NC","43,932"
"Wake, NC","656,819"
"Warren, NC","20,067"
"Washington, NC","13,589"
"Watauga, NC","43,853"
"Wayne, NC","113,934"
"Wilkes, NC","66,694"
"Wilson, NC","74,232"
"Yadkin, NC","36,837"
"Yancey, NC","17,789"
"Adams, ND","2,542"
"Barnes, ND","11,446"
"Benson, ND","6,898"
"Billings, ND",877
"Bottineau, ND","6,995"
"Bowman, ND","3,118"
"Burke, ND","2,183"
"Burleigh, ND","70,121"
"Cass, ND","125,520"
"Cavalier, ND","4,696"
"Dickey, ND","5,683"
"Divide, ND","2,176"
"Dunn, ND","3,582"
"Eddy, ND","2,683"
"Emmons, ND","4,208"
"Foster, ND","3,639"
"Golden Valley, ND","1,862"
"Grand Forks, ND","65,567"
"Grant, ND","2,783"
"Griggs, ND","2,645"
"Hettinger, ND","2,658"
"Kidder, ND","2,652"
"LaMoure, ND","4,642"
"Logan, ND","2,229"
"McHenry, ND","5,854"
"McIntosh, ND","3,349"
"McKenzie, ND","5,647"
"McLean, ND","9,261"
"Mercer, ND","8,542"
"Morton, ND","25,143"
"Mountrail, ND","6,625"
"Nelson, ND","3,578"
"Oliver, ND","1,989"
"Pembina, ND","8,376"
"Pierce, ND","4,610"
"Ramsey, ND","11,822"
"Ransom, ND","5,855"
"Renville, ND","2,551"
"Richland, ND","17,624"
"Rolette, ND","13,718"
"Sargent, ND","4,320"
"Sheridan, ND","1,641"
"Sioux, ND","4,036"
"Slope, ND",749
"Stark, ND","22,494"
"Steele, ND","2,186"
"Stutsman, ND","21,664"
"Towner, ND","2,774"
"Traill, ND","8,357"
"Walsh, ND","12,150"
"Ward, ND","58,246"
"Wells, ND","4,886"
"Williams, ND","19,610"
"Adams, OH","27,522"
"Allen, OH","108,523"
"Ashland, OH","52,560"
"Ashtabula, OH","102,450"
"Athens, OH","62,997"
"Auglaize, OH","46,137"
"Belmont, OH","69,901"
"Brown, OH","42,839"
"Butler, OH","336,679"
"Carroll, OH","28,961"
"Champaign, OH","39,047"
"Clark, OH","143,803"
"Clermont, OH","179,845"
"Clinton, OH","40,777"
"Columbiana, OH","111,370"
"Coshocton, OH","36,975"
"Crawford, OH","46,533"
"Cuyahoga, OH","1,382,520"
"Darke, OH","53,110"
"Defiance, OH","39,456"
"Delaware, OH","118,646"
"Erie, OH","79,308"
"Fairfield, OH","126,245"
"Fayette, OH","28,310"
"Franklin, OH","1,082,938"
"Fulton, OH","42,169"
"Gallia, OH","31,017"
"Geauga, OH","91,429"
"Greene, OH","149,643"
"Guernsey, OH","40,860"
"Hamilton, OH","840,335"
"Hancock, OH","71,972"
"Hardin, OH","31,753"
"Harrison, OH","15,796"
"Henry, OH","29,055"
"Highland, OH","41,295"
"Hocking, OH","28,452"
"Holmes, OH","39,805"
"Huron, OH","59,620"
"Jackson, OH","32,670"
"Jefferson, OH","73,043"
"Knox, OH","55,460"
"Lake, OH","227,648"
"Lawrence, OH","61,965"
"Licking, OH","148,226"
"Logan, OH","45,865"
"Lorain, OH","285,827"
"Lucas, OH","454,855"
"Madison, OH","40,256"
"Mahoning, OH","255,264"
"Marion, OH","66,156"
"Medina, OH","154,363"
"Meigs, OH","23,119"
"Mercer, OH","40,819"
"Miami, OH","99,300"
"Monroe, OH","15,107"
"Montgomery, OH","555,536"
"Morgan, OH","14,942"
"Morrow, OH","32,438"
"Muskingum, OH","84,789"
"Noble, OH","13,857"
"Ottawa, OH","41,015"
"Paulding, OH","20,183"
"Perry, OH","34,375"
"Pickaway, OH","52,344"
"Pike, OH","27,807"
"Portage, OH","153,554"
"Preble, OH","42,427"
"Putnam, OH","34,746"
"Richland, OH","128,187"
"Ross, OH","73,840"
"Sandusky, OH","61,788"
"Scioto, OH","78,784"
"Seneca, OH","58,376"
"Shelby, OH","48,662"
"Stark, OH","377,295"
"Summit, OH","544,554"
"Trumbull, OH","223,991"
"Tuscarawas, OH","91,319"
"Union, OH","42,859"
"Van Wert, OH","29,430"
"Vinton, OH","12,966"
"Warren, OH","167,851"
"Washington, OH","62,847"
"Wayne, OH","112,161"
"Williams, OH","39,085"
"Wood, OH","122,013"
"Wyandot, OH","22,787"
"Adair, OK","21,101"
"Alfalfa, OK","5,933"
"Atoka, OK","13,816"
"Beaver, OK","5,657"
"Beckham, OK","19,937"
"Blaine, OK","11,915"
"Bryan, OK","36,577"
"Caddo, OK","29,677"
"Canadian, OK","89,931"
"Carter, OK","45,455"
"Cherokee, OK","43,066"
"Choctaw, OK","15,165"
"Cimarron, OK","3,009"
"Cleveland, OK","213,414"
"Coal, OK","6,010"
"Comanche, OK","113,551"
"Cotton, OK","6,404"
"Craig, OK","14,768"
"Creek, OK","67,768"
"Custer, OK","25,778"
"Delaware, OK","37,606"
"Dewey, OK","4,645"
"Ellis, OK","3,923"
"Garfield, OK","57,279"
"Garvin, OK","27,034"
"Grady, OK","45,856"
"Grant, OK","5,047"
"Greer, OK","5,894"
"Harmon, OK","3,153"
"Harper, OK","3,444"
"Haskell, OK","11,790"
"Hughes, OK","13,821"
"Jackson, OK","28,036"
"Jefferson, OK","6,663"
"Johnston, OK","10,505"
"Kay, OK","47,518"
"Kingfisher, OK","13,910"
"Kiowa, OK","10,054"
"Latimer, OK","10,637"
"Le Flore, OK","48,018"
"Lincoln, OK","32,295"
"Logan, OK","34,657"
"Love, OK","8,749"
"McClain, OK","27,871"
"McCurtain, OK","33,944"
"McIntosh, OK","19,451"
"Major, OK","7,575"
"Marshall, OK","13,372"
"Mayes, OK","38,554"
"Murray, OK","12,689"
"Muskogee, OK","69,428"
"Noble, OK","11,491"
"Nowata, OK","10,593"
"Okfuskee, OK","11,858"
"Oklahoma, OK","664,836"
"Okmulgee, OK","39,618"
"Osage, OK","45,227"
"Ottawa, OK","33,047"
"Pawnee, OK","16,779"
"Payne, OK","70,132"
"Pittsburg, OK","43,447"
"Pontotoc, OK","34,866"
"Pottawatomie, OK","66,222"
"Pushmataha, OK","11,613"
"Roger Mills, OK","3,334"
"Rogers, OK","73,091"
"Seminole, OK","24,719"
"Sequoyah, OK","39,308"
"Stephens, OK","42,796"
"Texas, OK","19,945"
"Tillman, OK","9,203"
"Tulsa, OK","566,175"
"Wagoner, OK","58,944"
"Washington, OK","48,897"
"Washita, OK","11,362"
"Woods, OK","8,882"
"Woodward, OK","18,365"
"Baker, OR","16,618"
"Benton, OR","78,491"
"Clackamas, OR","343,444"
"Clatsop, OR","35,509"
"Columbia, OR","44,196"
"Coos, OR","62,190"
"Crook, OR","19,705"
"Curry, OR","21,250"
"Deschutes, OR","120,526"
"Douglas, OR","100,562"
"Gilliam, OR","1,901"
"Grant, OR","7,498"
"Harney, OR","7,491"
"Hood River, OR","20,397"
"Jackson, OR","183,835"
"Jefferson, OR","19,653"
"Josephine, OR","76,452"
"Klamath, OR","64,139"
"Lake, OR","7,538"
"Lane, OR","324,855"
"Lincoln, OR","43,854"
"Linn, OR","103,544"
"Malheur, OR","31,532"
"Marion, OR","288,136"
"Morrow, OR","11,043"
"Multnomah, OR","669,690"
"Polk, OR","63,445"
"Sherman, OR","1,848"
"Tillamook, OR","24,359"
"Umatilla, OR","70,682"
"Union, OR","24,353"
"Wallowa, OR","7,112"
"Wasco, OR","23,808"
"Washington, OR","460,622"
"Wheeler, OR","1,503"
"Yamhill, OR","86,156"
"Adams, PA","92,591"
"Allegheny, PA","1,272,416"
"Armstrong, PA","71,956"
"Beaver, PA","179,391"
"Bedford, PA","49,778"
"Berks, PA","377,487"
"Blair, PA","128,471"
"Bradford, PA","62,616"
"Bucks, PA","602,883"
"Butler, PA","175,621"
"Cambria, PA","150,902"
"Cameron, PA","5,875"
"Carbon, PA","59,318"
"Centre, PA","137,620"
"Chester, PA","441,024"
"Clarion, PA","41,547"
"Clearfield, PA","82,987"
"Clinton, PA","37,945"
"Columbia, PA","64,298"
"Crawford, PA","90,105"
"Cumberland, PA","215,087"
"Dauphin, PA","252,500"
"Delaware, PA","552,041"
"Elk, PA","34,778"
"Erie, PA","280,647"
"Fayette, PA","146,219"
"Forest, PA","5,355"
"Franklin, PA","130,604"
"Fulton, PA","14,201"
"Greene, PA","40,251"
"Huntingdon, PA","45,594"
"Indiana, PA","89,265"
"Jefferson, PA","45,644"
"Juniata, PA","22,892"
"Lackawanna, PA","212,692"
"Lancaster, PA","475,483"
"Lawrence, PA","94,085"
"Lebanon, PA","120,954"
"Lehigh, PA","314,823"
"Luzerne, PA","316,665"
"Lycoming, PA","118,930"
"McKean, PA","45,263"
"Mercer, PA","119,861"
"Mifflin, PA","46,535"
"Monroe, PA","143,775"
"Montgomery, PA","759,392"
"Montour, PA","18,294"
"Northampton, PA","269,363"
"Northumberland, PA","94,176"
"Perry, PA","43,804"
"Philadelphia, PA","1,505,455"
"Pike, PA","47,594"
"Potter, PA","18,146"
"Schuylkill, PA","149,175"
"Snyder, PA","37,955"
"Somerset, PA","79,523"
"Sullivan, PA","6,625"
"Susquehanna, PA","42,483"
"Tioga, PA","41,496"
"Union, PA","42,098"
"Venango, PA","57,091"
"Warren, PA","43,562"
"Washington, PA","203,179"
"Wayne, PA","47,994"
"Westmoreland, PA","368,698"
"Wyoming, PA","28,119"
"York, PA","385,773"
"Bristol, RI","50,942"
"Kent, RI","168,516"
"Newport, RI","85,754"
"Providence, RI","626,935"
"Washington, RI","124,995"
"Abbeville, SC","26,330"
"Aiken, SC","143,676"
"Allendale, SC","11,022"
"Anderson, SC","168,881"
"Bamberg, SC","16,580"
"Barnwell, SC","23,406"
"Beaufort, SC","125,550"
"Berkeley, SC","145,153"
"Calhoun, SC","15,301"
"Charleston, SC","313,065"
"Cherokee, SC","53,020"
"Chester, SC","34,064"
"Chesterfield, SC","43,339"
"Clarendon, SC","32,887"
"Colleton, SC","38,339"
"Darlington, SC","67,863"
"Dillon, SC","30,995"
"Dorchester, SC","98,683"
"Edgefield, SC","24,690"
"Fairfield, SC","23,614"
"Florence, SC","126,377"
"Georgetown, SC","56,800"
"Greenville, SC","385,780"
"Greenwood, SC","66,544"
"Hampton, SC","21,262"
"Horry, SC","201,982"
"Jasper, SC","21,024"
"Kershaw, SC","53,474"
"Lancaster, SC","62,250"
"Laurens, SC","69,407"
"Lee, SC","19,957"
"Lexington, SC","220,099"
"McCormick, SC","10,095"
"Marion, SC","35,119"
"Marlboro, SC","28,606"
"Newberry, SC","36,053"
"Oconee, SC","67,170"
"Orangeburg, SC","91,536"
"Pickens, SC","111,600"
"Richland, SC","327,446"
"Saluda, SC","19,191"
"Spartanburg, SC","256,469"
"Sumter, SC","104,629"
"Union, SC","29,813"
"Williamsburg, SC","36,751"
"York, SC","169,103"
"Aurora, SD","2,946"
"Beadle, SD","16,952"
"Bennett, SD","3,518"
"Bon Homme, SD","7,169"
"Brookings, SD","28,565"
"Brown, SD","35,303"
"Brule, SD","5,179"
"Buffalo, SD","2,004"
"Butte, SD","9,120"
"Campbell, SD","1,766"
"Charles Mix, SD","9,207"
"Clark, SD","4,144"
"Clay, SD","13,627"
"Codington, SD","26,033"
"Corson, SD","4,162"
"Custer, SD","7,368"
"Davison, SD","18,868"
"Day, SD","6,090"
"Deuel, SD","4,482"
"Dewey, SD","5,907"
"Douglas, SD","3,419"
"Edmunds, SD","4,299"
"Fall River, SD","7,339"
"Faulk, SD","2,547"
"Grant, SD","7,699"
"Gregory, SD","4,632"
"Haakon, SD","2,174"
"Hamlin, SD","5,551"
"Hand, SD","3,650"
"Hanson, SD","3,263"
"Harding, SD","1,337"
"Hughes, SD","16,351"
"Hutchinson, SD","7,925"
"Hyde, SD","1,607"
"Jackson, SD","2,846"
"Jerauld, SD","2,225"
"Jones, SD","1,136"
"Kingsbury, SD","5,635"
"Lake, SD","11,143"
"Lawrence, SD","21,738"
"Lincoln, SD","26,322"
"Lyman, SD","3,879"
"McCook, SD","5,854"
"McPherson, SD","2,826"
"Marshall, SD","4,515"
"Meade, SD","24,371"
"Mellette, SD","2,070"
"Miner, SD","2,769"
"Minnehaha, SD","150,775"
"Moody, SD","6,581"
"Pennington, SD","89,953"
"Perkins, SD","3,269"
"Potter, SD","2,592"
"Roberts, SD","10,023"
"Sanborn, SD","2,553"
"Shannon, SD","12,602"
"Spink, SD","7,204"
"Stanley, SD","2,745"
"Sully, SD","1,533"
"Todd, SD","9,157"
"Tripp, SD","6,281"
"Turner, SD","8,742"
"Union, SD","12,577"
"Walworth, SD","5,812"
"Yankton, SD","21,527"
"Ziebach, SD","2,514"
"Anderson, TN","71,461"
"Bedford, TN","38,414"
"Benton, TN","16,673"
"Bledsoe, TN","12,468"
"Blount, TN","107,916"
"Bradley, TN","88,934"
"Campbell, TN","39,802"
"Cannon, TN","12,990"
"Carroll, TN","29,447"
"Carter, TN","56,770"
"Cheatham, TN","36,377"
"Chester, TN","15,856"
"Claiborne, TN","30,095"
"Clay, TN","7,921"
"Cocke, TN","33,618"
"Coffee, TN","48,594"
"Crockett, TN","14,546"
"Cumberland, TN","47,849"
"Davidson, TN","574,119"
"Decatur, TN","11,691"
"DeKalb, TN","17,498"
"Dickson, TN","43,987"
"Dyer, TN","37,156"
"Fayette, TN","30,139"
"Fentress, TN","16,711"
"Franklin, TN","39,577"
"Gibson, TN","47,973"
"Giles, TN","29,613"
"Grainger, TN","20,715"
"Greene, TN","63,622"
"Grundy, TN","14,156"
"Hamblen, TN","58,710"
"Hamilton, TN","310,254"
"Hancock, TN","6,814"
"Hardeman, TN","28,125"
"Hardin, TN","25,737"
"Hawkins, TN","54,032"
"Haywood, TN","19,822"
"Henderson, TN","25,744"
"Henry, TN","31,214"
"Hickman, TN","22,788"
"Houston, TN","8,051"
"Humphreys, TN","18,060"
"Jackson, TN","11,208"
"Jefferson, TN","45,111"
"Johnson, TN","17,709"
"Knox, TN","385,823"
"Lake, TN","8,009"
"Lauderdale, TN","27,359"
"Lawrence, TN","39,994"
"Lewis, TN","11,483"
"Lincoln, TN","31,515"
"Loudon, TN","40,093"
"McMinn, TN","49,711"
"McNairy, TN","24,571"
"Macon, TN","20,830"
"Madison, TN","92,985"
"Marion, TN","27,807"
"Marshall, TN","27,130"
"Maury, TN","69,789"
"Meigs, TN","11,162"
"Monroe, TN","39,371"
"Montgomery, TN","136,801"
"Moore, TN","5,778"
"Morgan, TN","20,161"
"Obion, TN","32,370"
"Overton, TN","20,299"
"Perry, TN","7,478"
"Pickett, TN","4,999"
"Polk, TN","16,361"
"Putnam, TN","63,130"
"Rhea, TN","28,601"
"Roane, TN","52,166"
"Robertson, TN","55,861"
"Rutherford, TN","189,901"
"Scott, TN","21,481"
"Sequatchie, TN","11,470"
"Sevier, TN","73,563"
"Shelby, TN","899,345"
"Smith, TN","17,962"
"Stewart, TN","12,548"
"Sullivan, TN","152,718"
"Sumner, TN","133,681"
"Tipton, TN","52,696"
"Trousdale, TN","7,350"
"Unicoi, TN","17,642"
"Union, TN","18,322"
"Van Buren, TN","5,475"
"Warren, TN","38,566"
"Washington, TN","107,775"
"Wayne, TN","17,075"
"Weakley, TN","34,491"
"White, TN","23,468"
"Williamson, TN","132,536"
"Wilson, TN","91,020"
"Anderson, TX","54,263"
"Andrews, TX","12,856"
"Angelina, TX","80,273"
"Aransas, TX","22,287"
"Archer, TX","8,849"
"Armstrong, TX","2,128"
"Atascosa, TX","39,828"
"Austin, TX","24,341"
"Bailey, TX","6,636"
"Bandera, TX","18,125"
"Bastrop, TX","61,106"
"Baylor, TX","3,930"
"Bee, TX","31,695"
"Bell, TX","244,299"
"Bexar, TX","1,419,020"
"Blanco, TX","8,776"
"Borden, TX",677
"Bosque, TX","17,338"
"Bowie, TX","88,942"
"Brazoria, TX","248,280"
"Brazos, TX","155,533"
"Brewster, TX","8,836"
"Briscoe, TX","1,764"
"Brooks, TX","7,669"
"Brown, TX","37,599"
"Burleson, TX","16,650"
"Burnet, TX","35,741"
"Caldwell, TX","33,654"
"Calhoun, TX","20,762"
"Callahan, TX","12,703"
"Cameron, TX","342,368"
"Camp, TX","11,399"
"Carson, TX","6,385"
"Cass, TX","30,134"
"Castro, TX","8,155"
"Chambers, TX","26,811"
"Cherokee, TX","47,007"
"Childress, TX","7,531"
"Clay, TX","11,131"
"Cochran, TX","3,674"
"Coke, TX","3,810"
"Coleman, TX","9,103"
"Collin, TX","534,642"
"Collingsworth, TX","3,086"
"Colorado, TX","20,125"
"Comal, TX","80,630"
"Comanche, TX","13,710"
"Concho, TX","3,921"
"Cooke, TX","36,844"
"Coryell, TX","74,083"
"Cottle, TX","1,774"
"Crane, TX","3,893"
"Crockett, TX","3,844"
"Crosby, TX","6,955"
"Culberson, TX","2,865"
"Dallam, TX","6,210"
"Dallas, TX","2,249,418"
"Dawson, TX","14,863"
"Deaf Smith, TX","18,391"
"Delta, TX","5,295"
"Denton, TX","463,688"
"DeWitt, TX","20,066"
"Dickens, TX","2,653"
"Dimmit, TX","10,030"
"Donley, TX","3,829"
"Duval, TX","12,830"
"Eastland, TX","18,061"
"Ector, TX","120,802"
"Edwards, TX","2,070"
"Ellis, TX","115,286"
"El Paso, TX","689,163"
"Erath, TX","33,045"
"Falls, TX","18,280"
"Fannin, TX","31,400"
"Fayette, TX","22,397"
"Fisher, TX","4,257"
"Floyd, TX","7,452"
"Foard, TX","1,606"
"Fort Bend, TX","375,708"
"Franklin, TX","9,521"
"Freestone, TX","18,127"
"Frio, TX","16,315"
"Gaines, TX","14,451"
"Galveston, TX","254,521"
"Garza, TX","5,275"
"Gillespie, TX","21,104"
"Glasscock, TX","1,351"
"Goliad, TX","7,020"
"Gonzales, TX","18,714"
"Gray, TX","22,171"
"Grayson, TX","112,330"
"Gregg, TX","111,791"
"Grimes, TX","24,219"
"Guadalupe, TX","92,626"
"Hale, TX","35,876"
"Hall, TX","3,750"
"Hamilton, TX","8,169"
"Hansford, TX","5,299"
"Hardeman, TX","4,609"
"Hardin, TX","48,463"
"Harris, TX","3,471,291"
"Harrison, TX","62,256"
"Hartley, TX","5,601"
"Haskell, TX","6,034"
"Hays, TX","104,739"
"Hemphill, TX","3,327"
"Henderson, TX","73,762"
"Hidalgo, TX","590,067"
"Hill, TX","32,766"
"Hockley, TX","22,662"
"Hood, TX","42,425"
"Hopkins, TX","32,203"
"Houston, TX","23,122"
"Howard, TX","33,279"
"Hudspeth, TX","3,405"
"Hunt, TX","78,431"
"Hutchinson, TX","23,247"
"Irion, TX","1,673"
"Jack, TX","8,710"
"Jackson, TX","14,187"
"Jasper, TX","35,722"
"Jeff Davis, TX","2,234"
"Jefferson, TX","250,137"
"Jim Hogg, TX","5,194"
"Jim Wells, TX","39,701"
"Johnson, TX","130,795"
"Jones, TX","20,294"
"Karnes, TX","15,340"
"Kaufman, TX","75,223"
"Kendall, TX","24,433"
"Kenedy, TX",421
"Kent, TX",808
"Kerr, TX","44,331"
"Kimble, TX","4,494"
"King, TX",313
"Kinney, TX","3,419"
"Kleberg, TX","31,315"
"Knox, TX","4,070"
"Lamar, TX","48,522"
"Lamb, TX","14,566"
"Lampasas, TX","18,027"
"La Salle, TX","5,934"
"Lavaca, TX","18,958"
"Lee, TX","16,008"
"Leon, TX","15,452"
"Liberty, TX","71,679"
"Limestone, TX","22,159"
"Lipscomb, TX","2,948"
"Live Oak, TX","12,071"
"Llano, TX","17,499"
"Loving, TX",66
"Lubbock, TX","246,616"
"Lynn, TX","6,444"
"McCulloch, TX","8,034"
"McLennan, TX","215,099"
"McMullen, TX",819
"Madison, TX","13,680"
"Marion, TX","11,077"
"Martin, TX","4,697"
"Mason, TX","3,743"
"Matagorda, TX","37,804"
"Maverick, TX","47,594"
"Medina, TX","40,053"
"Menard, TX","2,321"
"Midland, TX","116,180"
"Milam, TX","24,445"
"Mills, TX","4,983"
"Mitchell, TX","9,576"
"Montague, TX","19,196"
"Montgomery, TX","311,437"
"Moore, TX","20,281"
"Morris, TX","13,179"
"Motley, TX","1,340"
"Nacogdoches, TX","59,541"
"Navarro, TX","45,577"
"Newton, TX","15,023"
"Nolan, TX","15,503"
"Nueces, TX","313,670"
"Ochiltree, TX","9,134"
"Oldham, TX","2,132"
"Orange, TX","84,108"
"Palo Pinto, TX","27,128"
"Panola, TX","22,773"
"Parker, TX","91,660"
"Parmer, TX","9,842"
"Pecos, TX","16,284"
"Polk, TX","42,945"
"Potter, TX","114,307"
"Presidio, TX","7,409"
"Rains, TX","9,664"
"Randall, TX","105,399"
"Reagan, TX","3,230"
"Real, TX","3,020"
"Red River, TX","14,156"
"Reeves, TX","13,022"
"Refugio, TX","7,765"
"Roberts, TX",880
"Robertson, TX","16,132"
"Rockwall, TX","46,697"
"Runnels, TX","11,148"
"Rusk, TX","47,837"
"Sabine, TX","10,435"
"San Augustine, TX","8,860"
"San Jacinto, TX","22,897"
"San Patricio, TX","66,690"
"San Saba, TX","6,181"
"Schleicher, TX","3,016"
"Scurry, TX","15,838"
"Shackelford, TX","3,334"
"Shelby, TX","25,171"
"Sherman, TX","3,131"
"Smith, TX","177,836"
"Somervell, TX","7,017"
"Starr, TX","54,294"
"Stephens, TX","9,455"
"Sterling, TX","1,341"
"Stonewall, TX","1,568"
"Sutton, TX","4,032"
"Swisher, TX","8,248"
"Tarrant, TX","1,490,204"
"Taylor, TX","125,920"
"Terrell, TX","1,017"
"Terry, TX","12,473"
"Throckmorton, TX","1,791"
"Titus, TX","28,100"
"Tom Green, TX","103,923"
"Travis, TX","844,877"
"Trinity, TX","13,852"
"Tyler, TX","20,657"
"Upshur, TX","35,746"
"Upton, TX","3,231"
"Uvalde, TX","25,939"
"Val Verde, TX","45,144"
"Van Zandt, TX","48,932"
"Victoria, TX","84,491"
"Walker, TX","62,444"
"Waller, TX","33,747"
"Ward, TX","10,459"
"Washington, TX","30,433"
"Webb, TX","200,347"
"Wharton, TX","40,991"
"Wheeler, TX","5,170"
"Wichita, TX","130,790"
"Wilbarger, TX","14,299"
"Willacy, TX","20,016"
"Williamson, TX","276,940"
"Wilson, TX","33,408"
"Winkler, TX","7,056"
"Wise, TX","50,927"
"Wood, TX","37,288"
"Yoakum, TX","7,299"
"Young, TX","17,659"
"Zapata, TX","12,266"
"Zavala, TX","11,596"
"Beaver, UT","5,999"
"Box Elder, UT","43,362"
"Cache, UT","92,831"
"Carbon, UT","19,937"
"Daggett, UT",929
"Davis, UT","244,687"
"Duchesne, UT","14,652"
"Emery, UT","10,614"
"Garfield, UT","4,705"
"Grand, UT","8,436"
"Iron, UT","34,771"
"Juab, UT","8,388"
"Kane, UT","6,000"
"Millard, UT","12,294"
"Morgan, UT","7,337"
"Piute, UT","1,414"
"Rich, UT","1,932"
"Salt Lake, UT","910,750"
"San Juan, UT","13,495"
"Sanpete, UT","23,294"
"Sevier, UT","18,975"
"Summit, UT","30,803"
"Tooele, UT","43,331"
"Uintah, UT","25,786"
"Utah, UT","385,671"
"Wasatch, UT","16,205"
"Washington, UT","94,512"
"Wayne, UT","2,532"
"Weber, UT","200,073"
"Addison, VT","36,055"
"Bennington, VT","36,974"
"Caledonia, VT","29,704"
"Chittenden, VT","148,441"
"Essex, VT","6,467"
"Franklin, VT","45,900"
"Grand Isle, VT","7,020"
"Lamoille, VT","23,378"
"Orange, VT","28,696"
"Orleans, VT","26,443"
"Rutland, VT","63,132"
"Washington, VT","58,526"
"Windham, VT","43,998"
"Windsor, VT","57,489"
"Accomack, VA","37,742"
"Albemarle, VA","85,002"
"Alleghany, VA","17,082"
"Amelia, VA","11,481"
"Amherst, VA","31,953"
"Appomattox, VA","13,809"
"Arlington, VA","190,386"
"Augusta, VA","66,124"
"Bath, VA","4,997"
"Bedford, VA","60,985"
"Bland, VA","6,876"
"Botetourt, VA","30,748"
"Brunswick, VA","18,331"
"Buchanan, VA","26,501"
"Buckingham, VA","15,857"
"Campbell, VA","51,349"
"Caroline, VA","22,168"
"Carroll, VA","29,448"
"Charles City, VA","6,952"
"Charlotte, VA","12,481"
"Chesterfield, VA","265,544"
"Clarke, VA","12,862"
"Craig, VA","5,056"
"Culpeper, VA","35,299"
"Cumberland, VA","9,002"
"Dickenson, VA","16,237"
"Dinwiddie, VA","24,666"
"Essex, VA","9,994"
"Fairfax, VA","991,564"
"Fauquier, VA","56,878"
"Floyd, VA","14,086"
"Fluvanna, VA","21,027"
"Franklin, VA","48,384"
"Frederick, VA","61,360"
"Giles, VA","16,799"
"Gloucester, VA","34,852"
"Goochland, VA","17,250"
"Grayson, VA","16,548"
"Greene, VA","15,793"
"Greensville, VA","11,605"
"Halifax, VA","37,003"
"Hanover, VA","88,845"
"Henrico, VA","267,722"
"Henry, VA","57,393"
"Highland, VA","2,530"
"Isle of Wight, VA","30,119"
"James City, VA","49,786"
"King and Queen, VA","6,607"
"King George, VA","17,136"
"King William, VA","13,412"
"Lancaster, VA","11,401"
"Lee, VA","23,320"
"Loudoun, VA","189,910"
"Louisa, VA","26,320"
"Lunenburg, VA","13,050"
"Madison, VA","12,643"
"Mathews, VA","9,145"
"Mecklenburg, VA","32,425"
"Middlesex, VA","10,007"
"Montgomery, VA","85,236"
"Nelson, VA","14,496"
"New Kent, VA","13,876"
"Northampton, VA","12,843"
"Northumberland, VA","12,239"
"Nottoway, VA","15,849"
"Orange, VA","26,431"
"Page, VA","23,171"
"Patrick, VA","19,293"
"Pittsylvania, VA","62,037"
"Powhatan, VA","23,090"
"Prince Edward, VA","19,737"
"Prince George, VA","33,586"
"Prince William, VA","298,843"
"Pulaski, VA","35,120"
"Rappahannock, VA","7,157"
"Richmond, VA","8,924"
"Roanoke, VA","85,941"
"Rockbridge, VA","20,905"
"Rockingham, VA","68,671"
"Russell, VA","29,001"
"Scott, VA","23,127"
"Shenandoah, VA","35,835"
"Smyth, VA","32,931"
"Southampton, VA","17,489"
"Spotsylvania, VA","96,326"
"Stafford, VA","98,320"
"Surry, VA","6,829"
"Sussex, VA","12,318"
"Tazewell, VA","43,985"
"Warren, VA","32,222"
"Washington, VA","51,441"
"Westmoreland, VA","16,518"
"Wise, VA","41,810"
"Wythe, VA","27,585"
"York, VA","58,651"
"Alexandria City, VA","130,932"
"Bedford City, VA","6,400"
"Bristol City, VA","17,330"
"Buena Vista City, VA","6,423"
"Charlottesville City, VA","41,436"
"Chesapeake City, VA","202,325"
"Colonial Heights City, VA","17,002"
"Covington City, VA","6,319"
"Danville City, VA","47,415"
"Emporia City, VA","5,618"
"Fairfax City, VA","21,668"
"Falls Church City, VA","10,550"
"Franklin City, VA","8,160"
"Fredericksburg City, VA","20,061"
"Galax City, VA","6,775"
"Hampton City, VA","143,432"
"Harrisonburg City, VA","41,646"
"Hopewell City, VA","22,147"
"Lexington City, VA","6,858"
"Lynchburg City, VA","65,003"
"Manassas City, VA","35,341"
"Manassas Park City, VA","10,777"
"Martinsville City, VA","15,173"
"Newport News City, VA","181,873"
"Norfolk City, VA","236,489"
"Norton City, VA","3,896"
"Petersburg City, VA","33,183"
"Poquoson City, VA","11,523"
"Portsmouth City, VA","99,166"
"Radford City, VA","16,193"
"Richmond City, VA","197,575"
"Roanoke City, VA","94,931"
"Salem City, VA","24,487"
"Staunton City, VA","23,734"
"Suffolk City, VA","66,448"
"Virginia Beach City, VA","428,396"
"Waynesboro City, VA","19,744"
"Williamsburg City, VA","12,024"
"Winchester City, VA","24,224"
"Adams, WA","16,259"
"Asotin, WA","20,447"
"Benton, WA","145,909"
"Chelan, WA","66,574"
"Clallam, WA","64,756"
"Clark, WA","357,211"
"Columbia, WA","4,034"
"Cowlitz, WA","93,608"
"Douglas, WA","32,787"
"Ferry, WA","7,285"
"Franklin, WA","50,511"
"Garfield, WA","2,313"
"Grant, WA","76,044"
"Grays Harbor, WA","67,896"
"Island, WA","73,884"
"Jefferson, WA","26,845"
"King, WA","1,754,090"
"Kitsap, WA","234,513"
"Kittitas, WA","34,000"
"Klickitat, WA","19,161"
"Lewis, WA","68,934"
"Lincoln, WA","10,123"
"Mason, WA","50,298"
"Okanogan, WA","39,126"
"Pacific, WA","20,631"
"Pend Oreille, WA","11,807"
"Pierce, WA","716,447"
"San Juan, WA","14,334"
"Skagit, WA","104,534"
"Skamania, WA","9,833"
"Snohomish, WA","622,390"
"Spokane, WA","422,922"
"Stevens, WA","40,204"
"Thurston, WA","212,421"
"Wahkiakum, WA","3,776"
"Walla Walla, WA","55,072"
"Whatcom, WA","171,172"
"Whitman, WA","40,814"
"Yakima, WA","222,757"
"Barbour, WV","15,436"
"Berkeley, WV","78,428"
"Boone, WV","25,372"
"Braxton, WV","14,702"
"Brooke, WV","25,237"
"Cabell, WV","96,035"
"Calhoun, WV","7,480"
"Clay, WV","10,153"
"Doddridge, WV","7,588"
"Fayette, WV","47,067"
"Gilmer, WV","7,309"
"Grant, WV","11,325"
"Greenbrier, WV","34,452"
"Hampshire, WV","20,668"
"Hancock, WV","32,421"
"Hardy, WV","12,805"
"Harrison, WV","67,817"
"Jackson, WV","28,098"
"Jefferson, WV","43,348"
"Kanawha, WV","197,898"
"Lewis, WV","16,802"
"Lincoln, WV","22,067"
"Logan, WV","37,013"
"McDowell, WV","26,301"
"Marion, WV","56,060"
"Marshall, WV","35,191"
"Mason, WV","26,258"
"Mercer, WV","61,858"
"Mineral, WV","27,071"
"Mingo, WV","27,489"
"Monongalia, WV","83,230"
"Monroe, WV","13,245"
"Morgan, WV","15,270"
"Nicholas, WV","26,177"
"Ohio, WV","46,636"
"Pendleton, WV","8,112"
"Pleasants, WV","7,634"
"Pocahontas, WV","8,955"
"Preston, WV","29,534"
"Putnam, WV","51,483"
"Raleigh, WV","78,251"
"Randolph, WV","28,373"
"Ritchie, WV","10,333"
"Roane, WV","15,428"
"Summers, WV","14,301"
"Taylor, WV","16,079"
"Tucker, WV","7,248"
"Tyler, WV","9,533"
"Upshur, WV","23,366"
"Wayne, WV","42,919"
"Webster, WV","9,614"
"Wetzel, WV","17,342"
"Wirt, WV","5,858"
"Wood, WV","87,678"
"Wyoming, WV","25,133"
"Adams, WI","20,337"
"Ashland, WI","16,773"
"Barron, WI","45,225"
"Bayfield, WI","15,076"
"Brown, WI","229,332"
"Buffalo, WI","13,855"
"Burnett, WI","15,797"
"Calumet, WI","41,950"
"Chippewa, WI","55,820"
"Clark, WI","33,763"
"Columbia, WI","53,167"
"Crawford, WI","17,020"
"Dane, WI","434,745"
"Dodge, WI","86,385"
"Door, WI","28,159"
"Douglas, WI","43,529"
"Dunn, WI","40,599"
"Eau Claire, WI","93,835"
"Florence, WI","5,036"
"Fond du Lac, WI","97,856"
"Forest, WI","9,916"
"Grant, WI","49,739"
"Green, WI","33,929"
"Green Lake, WI","19,213"
"Iowa, WI","22,932"
"Iron, WI","6,776"
"Jackson, WI","19,337"
"Jefferson, WI","76,736"
"Juneau, WI","24,546"
"Kenosha, WI","151,962"
"Kewaunee, WI","20,302"
"La Crosse, WI","107,761"
"Lafayette, WI","16,303"
"Langlade, WI","20,820"
"Lincoln, WI","29,548"
"Manitowoc, WI","82,788"
"Marathon, WI","126,459"
"Marinette, WI","43,157"
"Marquette, WI","14,624"
"Menominee, WI","4,521"
"Milwaukee, WI","939,305"
"Monroe, WI","41,298"
"Oconto, WI","36,149"
"Oneida, WI","36,912"
"Outagamie, WI","163,726"
"Ozaukee, WI","83,001"
"Pepin, WI","7,355"
"Pierce, WI","37,204"
"Polk, WI","42,212"
"Portage, WI","67,422"
"Price, WI","15,566"
"Racine, WI","189,047"
"Richland, WI","18,061"
"Rock, WI","153,174"
"Rusk, WI","15,245"
"St Croix, WI","65,711"
"Sauk, WI","55,660"
"Sawyer, WI","16,249"
"Shawano, WI","40,878"
"Sheboygan, WI","113,023"
"Taylor, WI","19,813"
"Trempealeau, WI","27,118"
"Vernon, WI","28,157"
"Vilas, WI","21,464"
"Walworth, WI","93,462"
"Washburn, WI","16,070"
"Washington, WI","119,387"
"Waukesha, WI","365,564"
"Waupaca, WI","52,092"
"Waushara, WI","23,343"
"Winnebago, WI","158,163"
"Wood, WI","75,376"
"Albany, WY","32,419"
"Big Horn, WY","11,209"
"Campbell, WY","34,699"
"Carbon, WY","15,217"
"Converse, WY","11,996"
"Crook, WY","5,778"
"Fremont, WY","35,718"
"Goshen, WY","12,475"
"Hot Springs, WY","4,763"
"Johnson, WY","7,167"
"Laramie, WY","82,554"
"Lincoln, WY","14,697"
"Natrona, WY","66,978"
"Niobrara, WY","2,357"
"Park, WY","25,696"
"Platte, WY","8,765"
"Sheridan, WY","26,623"
"Sublette, WY","6,026"
"Sweetwater, WY","36,899"
"Teton, WY","18,653"
"Uinta, WY","19,413"
"Washakie, WY","8,068"
"Weston, WY","6,487"
