co_fips,county,state,divorces_2010,marriages_2010
1001,Autauga,AL,231,341
1003,Baldwin,AL,980,2716
1005,Barbour,AL,69,228
1007,Bibb,AL,53,273
1009,Blount,AL,258,421
1011,Bullock,AL,7,76
1013,Butler,AL,83,184
1015,Calhoun,AL,682,899
1017,Chambers,AL,137,253
1019,Cherokee,AL,151,191
1021,Chilton,AL,191,408
1023,Choctaw,AL,70,144
1025,Clarke,AL,106,148
1027,Clay,AL,56,155
1029,Cleburne,AL,123,191
1031,Coffee,AL,233,496
1033,Colbert,AL,283,520
1035,Conecuh,AL,42,83
1037,Coosa,AL,27,57
1039,Covington,AL,211,361
1041,Crenshaw,AL,62,110
1043,Cullman,AL,480,724
1045,Dale,AL,567,470
1047,Dallas,AL,164,260
1049,DeKalb,AL,287,520
1051,Elmore,AL,411,697
1053,Escambia,AL,166,493
1055,Etowah,AL,659,1059
1057,Fayette,AL,108,197
1059,Franklin,AL,175,248
1061,Geneva,AL,151,240
1063,Greene,AL,3,61
1065,Hale,AL,49,150
1067,Henry,AL,48,126
1069,Houston,AL,510,827
1071,Jackson,AL,252,629
1073,Jefferson,AL,2846,4766
1075,Lamar,AL,69,158
1077,Lauderdale,AL,427,683
1079,Lawrence,AL,163,250
1081,Lee,AL,457,796
1083,Limestone,AL,127,550
1085,Lowndes,AL,60,68
1087,Macon,AL,44,99
1089,Madison,AL,1307,2408
1091,Marengo,AL,96,132
1093,Marion,AL,107,694
1095,Marshall,AL,589,829
1097,Mobile,AL,1974,3874
1099,Monroe,AL,50,171
1101,Montgomery,AL,980,1483
1103,Morgan,AL,608,729
1105,Perry,AL,30,81
1107,Pickens,AL,50,306
1109,Pike,AL,142,236
1111,Randolph,AL,120,173
1113,Russell,AL,334,763
1115,St. Clair,AL,338,670
1117,Shelby,AL,690,941
1119,Sumter,AL,17,122
1121,Talladega,AL,444,652
1123,Tallapoosa,AL,182,298
1125,Tuscaloosa,AL,344,1015
1127,Walker,AL,320,585
1129,Washington,AL,102,618
1131,Wilcox,AL,25,69
1133,Winston,AL,111,207
2013,Aleutians East Borough,AK,3,
2016,Aleutians West Census Area,AK,9,12
2020,Anchorage Municipality,AK,1280,2445
2050,Bethel Census Area,AK,28,77
2060,Bristol Bay Borough,AK,4,4
2068,Denali Borough,AK,6,29
2070,Dillingham Census Area,AK,7,36
2090,Fairbanks North Star Borough,AK,539,992
2100,Haines Borough,AK,10,15
2105,Hoonah-Angoon Census Area,AK,,
2110,Juneau City and Borough,AK,107,275
2122,Kenai Peninsula Borough,AK,220,484
2130,Ketchikan Gateway Borough,AK,54,101
2150,Kodiak Island Borough,AK,43,73
2164,Lake and Peninsula Borough,AK,2,5
2170,Matanuska-Susitna Borough,AK,364,692
2180,Nome Census Area,AK,11,48
2185,North Slope Borough,AK,11,33
2188,Northwest Arctic Borough,AK,9,32
2195,Petersburg Census Area,AK,,
2198,Prince of Wales-Hyder Census Area,AK,,
2220,Sitka City and Borough,AK,28,62
2230,Skagway Municipality,AK,,
2240,Southeast Fairbanks Census Area,AK,20,50
2261,Valdez-Cordova Census Area,AK,36,73
2270,Wade Hampton Census Area,AK,6,23
2275,Wrangell City and Borough,AK,,
2282,Yakutat City and Borough,AK,2,1
2290,Yukon-Koyukuk Census Area,AK,5,27
4001,Apache,AZ,72,219
4003,Cochise,AZ,645,956
4005,Coconino,AZ,527,915
4007,Gila,AZ,208,317
4009,Graham,AZ,191,286
4011,Greenlee,AZ,45,33
4012,La Paz,AZ,43,135
4013,Maricopa,AZ,13215,23127
4015,Mohave,AZ,519,1304
4017,Navajo,AZ,163,579
4019,Pima,AZ,3988,5972
4021,Pinal,AZ,1103,1373
4023,Santa Cruz,AZ,132,314
4025,Yavapai,AZ,905,1237
4027,Yuma,AZ,723,1309
5001,Arkansas,AR,123,158
5003,Ashley,AR,144,356
5005,Baxter,AR,214,356
5007,Benton,AR,1215,1720
5009,Boone,AR,237,473
5011,Bradley,AR,56,77
5013,Calhoun,AR,46,24
5015,Carroll,AR,149,3478
5017,Chicot,AR,72,599
5019,Clark,AR,113,186
5021,Clay,AR,117,305
5023,Cleburne,AR,164,222
5025,Cleveland,AR,31,51
5027,Columbia,AR,155,218
5029,Conway,AR,138,260
5031,Craighead,AR,644,787
5033,Crawford,AR,398,599
5035,Crittenden,AR,244,1039
5037,Cross,AR,124,149
5039,Dallas,AR,38,62
5041,Desha,AR,64,97
5043,Drew,AR,100,173
5045,Faulkner,AR,684,817
5047,Franklin,AR,115,165
5049,Fulton,AR,88,106
5051,Garland,AR,610,1721
5053,Grant,AR,121,112
5055,Greene,AR,313,452
5057,Hempstead,AR,110,192
5059,Hot Spring,AR,208,260
5061,Howard,AR,74,111
5063,Independence,AR,251,331
5065,Izard,AR,99,108
5067,Jackson,AR,108,152
5069,Jefferson,AR,382,606
5071,Johnson,AR,166,214
5073,Lafayette,AR,34,55
5075,Lawrence,AR,120,159
5077,Lee,AR,36,60
5079,Lincoln,AR,69,111
5081,Little River,AR,104,128
5083,Logan,AR,126,237
5085,Lonoke,AR,432,420
5087,Madison,AR,100,114
5089,Marion,AR,84,112
5091,Miller,AR,259,660
5093,Mississippi,AR,302,440
5095,Monroe,AR,34,58
5097,Montgomery,AR,55,70
5099,Nevada,AR,63,70
5101,Newton,AR,43,137
5103,Ouachita,AR,118,206
5105,Perry,AR,77,86
5107,Phillips,AR,135,466
5109,Pike,AR,92,95
5111,Poinsett,AR,167,219
5113,Polk,AR,162,251
5115,Pope,AR,423,517
5117,Prairie,AR,54,70
5119,Pulaski,AR,1805,3145
5121,Randolph,AR,101,192
5123,St. Francis,AR,105,190
5125,Saline,AR,711,646
5127,Scott,AR,70,74
5129,Searcy,AR,44,84
5131,Sebastian,AR,865,1691
5133,Sevier,AR,90,281
5135,Sharp,AR,121,167
5137,Stone,AR,69,129
5139,Union,AR,296,419
5141,Van Buren,AR,117,141
5143,Washington,AR,1007,1776
5145,White,AR,372,734
5147,Woodruff,AR,37,37
5149,Yell,AR,103,256
6001,Alameda,CA,5273,6538
6003,Alpine,CA,10,26
6005,Amador,CA,171,190
6007,Butte,CA,1102,1062
6009,Calaveras,CA,219,164
6011,Colusa,CA,69,114
6013,Contra Costa,CA,3928,4000
6015,Del Norte,CA,182,166
6017,El Dorado,CA,842,3744
6019,Fresno,CA,3929,5795
6021,Glenn,CA,140,163
6023,Humboldt,CA,548,778
6025,Imperial,CA,718,1199
6027,Inyo,CA,98,122
6029,Kern,CA,3559,4141
6031,Kings,CA,704,1119
6033,Lake,CA,332,290
6035,Lassen,CA,194,153
6037,Los Angeles,CA,37761,53644
6039,Madera,CA,571,707
6041,Marin,CA,1039,1393
6043,Mariposa,CA,68,210
6045,Mendocino,CA,478,525
6047,Merced,CA,1103,1298
6049,Modoc,CA,63,55
6051,Mono,CA,45,121
6053,Monterey,CA,1333,2684
6055,Napa,CA,641,1532
6057,Nevada,CA,446,460
6059,Orange,CA,11820,20212
6061,Placer,CA,1651,1982
6063,Plumas,CA,113,92
6065,Riverside,CA,10024,10840
6067,Sacramento,CA,5842,7890
6069,San Benito,CA,234,359
6071,San Bernardino,CA,9882,9283
6073,San Diego,CA,14968,24720
6075,San Francisco,CA,2978,8936
6077,San Joaquin,CA,2692,2958
6079,San Luis Obispo,CA,1168,1733
6081,San Mateo,CA,2614,3456
6083,Santa Barbara,CA,1445,3193
6085,Santa Clara,CA,6338,8852
6087,Santa Cruz,CA,1000,1485
6089,Shasta,CA,1109,1142
6091,Sierra,CA,15,18
6093,Siskiyou,CA,177,259
6095,Solano,CA,2018,1721
6097,Sonoma,CA,2177,2785
6099,Stanislaus,CA,2699,2627
6101,Sutter,CA,506,636
6103,Tehama,CA,338,393
6105,Trinity,CA,97,59
6107,Tulare,CA,1926,1925
6109,Tuolumne,CA,264,388
6111,Ventura,CA,3502,4476
6113,Yolo,CA,688,706
6115,Yuba,CA,428,348
8001,Adams,CO,1772,2038
8003,Alamosa,CO,87,139
8005,Arapahoe,CO,2255,3141
8007,Archuleta,CO,51,87
8009,Baca,CO,15,22
8011,Bent,CO,30,26
8013,Boulder,CO,1145,1996
8014,Broomfield,CO,226,477
8015,Chaffee,CO,57,126
8017,Cheyenne,CO,7,19
8019,Clear Creek,CO,14,61
8021,Conejos,CO,23,22
8023,Costilla,CO,8,11
8025,Crowley,CO,9,19
8027,Custer,CO,23,28
8029,Delta,CO,189,217
8031,Denver,CO,2367,4853
8033,Dolores,CO,4,15
8035,Douglas,CO,1143,1186
8037,Eagle,CO,122,538
8039,Elbert,CO,103,74
8041,El Paso,CO,3472,5761
8043,Fremont,CO,252,283
8045,Garfield,CO,278,428
8047,Gilpin,CO,17,63
8049,Grand,CO,43,125
8051,Gunnison,CO,53,154
8053,Hinsdale,CO,4,11
8055,Huerfano,CO,24,51
8057,Jackson,CO,5,9
8059,Jefferson,CO,2408,3615
8061,Kiowa,CO,6,9
8063,Kit Carson,CO,38,55
8065,Lake,CO,33,38
8067,La Plata,CO,187,430
8069,Larimer,CO,1285,2341
8071,Las Animas,CO,54,112
8073,Lincoln,CO,23,32
8075,Logan,CO,106,123
8077,Mesa,CO,816,1075
8079,Mineral,CO,,14
8081,Moffat,CO,95,123
8083,Montezuma,CO,156,182
8085,Montrose,CO,244,271
8087,Morgan,CO,144,180
8089,Otero,CO,96,104
8091,Ouray,CO,23,85
8093,Park,CO,70,51
8095,Phillips,CO,21,15
8097,Pitkin,CO,68,312
8099,Prowers,CO,44,85
8101,Pueblo,CO,698,924
8103,Rio Blanco,CO,25,58
8105,Rio Grande,CO,46,74
8107,Routt,CO,112,243
8109,Saguache,CO,15,20
8111,San Juan,CO,4,20
8113,San Miguel,CO,40,141
8115,Sedgwick,CO,6,26
8117,Summit,CO,54,368
8119,Teller,CO,75,143
8121,Washington,CO,13,22
8123,Weld,CO,815,1578
8125,Yuma,CO,18,63
9001,Fairfield,CT,2842,5138
9003,Hartford,CT,3193,4838
9005,Litchfield,CT,525,1042
9007,Middlesex,CT,581,1348
9009,New Haven,CT,3227,4455
9011,New London,CT,1158,2041
9013,Tolland,CT,646,466
9015,Windham,CT,490,617
10001,Kent,DE,690,908
10003,New Castle,DE,1771,2384
10005,Sussex,DE,691,1385
11001,District of Columbia,DC,1684.8244,4573
12001,Alachua,FL,782,1619
12003,Baker,FL,135,198
12005,Bay,FL,899,2152
12007,Bradford,FL,182,186
12009,Brevard,FL,2223,4299
12011,Broward,FL,8249,12826
12013,Calhoun,FL,69,118
12015,Charlotte,FL,502,899
12017,Citrus,FL,528,727
12019,Clay,FL,883,1246
12021,Collier,FL,1157,2627
12023,Columbia,FL,355,486
12027,DeSoto,FL,146,174
12029,Dixie,FL,76,89
12031,Duval,FL,4222,5583
12033,Escambia,FL,1284,3077
12035,Flagler,FL,310,492
12037,Franklin,FL,55,169
12039,Gadsden,FL,180,222
12041,Gilchrist,FL,89,224
12043,Glades,FL,32,59
12045,Gulf,FL,55,191
12047,Hamilton,FL,39,117
12049,Hardee,FL,115,173
12051,Hendry,FL,111,205
12053,Hernando,FL,653,845
12055,Highlands,FL,307,564
12057,Hillsborough,FL,5629,8360
12059,Holmes,FL,90,184
12061,Indian River,FL,614,873
12063,Jackson,FL,183,324
12065,Jefferson,FL,49,93
12067,Lafayette,FL,39,59
12069,Lake,FL,1128,2639
12071,Lee,FL,2629,4193
12073,Leon,FL,910,1825
12075,Levy,FL,176,174
12077,Liberty,FL,45,42
12079,Madison,FL,65,129
12081,Manatee,FL,1077,1787
12083,Marion,FL,1469,1863
12085,Martin,FL,525,825
12086,Miami-Dade,FL,13929,20361
12087,Monroe,FL,502,2740
12089,Nassau,FL,316,688
12091,Okaloosa,FL,1227,2944
12093,Okeechobee,FL,119,256
12095,Orange,FL,5468,8818
12097,Osceola,FL,1675,3488
12099,Palm Beach,FL,5146,7648
12101,Pasco,FL,1835,2286
12103,Pinellas,FL,3355,6622
12105,Polk,FL,2227,3463
12107,Putnam,FL,327,451
12109,St. Johns,FL,791,1370
12111,St. Lucie,FL,1009,1359
12113,Santa Rosa,FL,712,1030
12115,Sarasota,FL,1402,2529
12117,Seminole,FL,1754,2601
12119,Sumter,FL,229,301
12121,Suwannee,FL,159,229
12123,Taylor,FL,84,149
12125,Union,FL,72,137
12127,Volusia,FL,2148,3066
12129,Wakulla,FL,163,204
12131,Walton,FL,244,1434
12133,Washington,FL,49,139
13001,Appling,GA,78,137
13003,Atkinson,GA,25,72
13005,Bacon,GA,64,91
13007,Baker,GA,11,16
13009,Baldwin,GA,218,257
13011,Banks,GA,90,106
13013,Barrow,GA,367,404
13015,Bartow,GA,643,815
13017,Ben Hill,GA,78,184
13019,Berrien,GA,138,200
13021,Bibb,GA,690,1180
13023,Bleckley,GA,46,83
13025,Brantley,GA,133,132
13027,Brooks,GA,57,104
13029,Bryan,GA,226,201
13031,Bulloch,GA,275,484
13033,Burke,GA,91,135
13035,Butts,GA,128,167
13037,Calhoun,GA,17,38
13039,Camden,GA,340,815
13043,Candler,GA,67,74
13045,Carroll,GA,715,815
13047,Catoosa,GA,401,1520
13049,Charlton,GA,60,461
13051,Chatham,GA,1439,3163
13053,Chattahoochee,GA,22,55
13055,Chattooga,GA,152,213
13057,Cherokee,GA,1042,986
13059,Clarke,GA,320,875
13061,Clay,GA,17,26
13063,Clayton,GA,1270,1291
13065,Clinch,GA,51,73
13067,Cobb,GA,3024,5172
13069,Coffee,GA,75,744
13071,Colquitt,GA,306,361
13073,Columbia,GA,758,744
13075,Cook,GA,134,152
13077,Coweta,GA,717,822
13079,Crawford,GA,69,89
13081,Crisp,GA,107,152
13083,Dade,GA,132,186
13085,Dawson,GA,187,150
13087,Decatur,GA,152,151
13089,DeKalb,GA,2850,4709
13091,Dodge,GA,78,99
13093,Dooly,GA,42,66
13095,Dougherty,GA,434,707
13097,Douglas,GA,810,1151
13099,Early,GA,48,90
13101,Echols,GA,16,109
13103,Effingham,GA,335,343
13105,Elbert,GA,81,120
13107,Emanuel,GA,116,189
13109,Evans,GA,61,76
13111,Fannin,GA,154,189
13113,Fayette,GA,476,616
13115,Floyd,GA,578,708
13117,Forsyth,GA,763,960
13119,Franklin,GA,122,101
13121,Fulton,GA,3942,5766
13123,Gilmer,GA,176,215
13125,Glascock,GA,12,20
13127,Glynn,GA,559,920
13129,Gordon,GA,331,428
13131,Grady,GA,135,177
13133,Greene,GA,64,137
13135,Gwinnett,GA,4519,5447
13137,Habersham,GA,0,286
13139,Hall,GA,893,972
13141,Hancock,GA,12,10
13143,Haralson,GA,177,225
13145,Harris,GA,147,201
13147,Hart,GA,121,158
13149,Heard,GA,63,70
13151,Henry,GA,1194,1214
13153,Houston,GA,811,1067
13155,Irwin,GA,47,54
13157,Jackson,GA,331,366
13159,Jasper,GA,61,81
13161,Jeff Davis,GA,107,133
13163,Jefferson,GA,32,93
13165,Jenkins,GA,48,54
13167,Johnson,GA,28,45
13169,Jones,GA,172,190
13171,Lamar,GA,69,143
13173,Lanier,GA,77,129
13175,Laurens,GA,227,349
13177,Lee,GA,173,201
13179,Liberty,GA,787,865
13181,Lincoln,GA,33,44
13183,Long,GA,113,90
13185,Lowndes,GA,439,1057
13187,Lumpkin,GA,149,281
13189,McDuffie,GA,116,212
13191,McIntosh,GA,74,80
13193,Macon,GA,31,74
13195,Madison,GA,189,199
13197,Marion,GA,37,31
13199,Meriwether,GA,89,123
13201,Miller,GA,35,49
13205,Mitchell,GA,71,136
13207,Monroe,GA,131,143
13209,Montgomery,GA,35,61
13211,Morgan,GA,83,110
13213,Murray,GA,260,238
13215,Muscogee,GA,1221,1987
13217,Newton,GA,578,665
13219,Oconee,GA,145,169
13221,Oglethorpe,GA,73,87
13223,Paulding,GA,861,876
13225,Peach,GA,114,182
13227,Pickens,GA,194,203
13229,Pierce,GA,142,146
13231,Pike,GA,117,190
13233,Polk,GA,282,274
13235,Pulaski,GA,42,61
13237,Putnam,GA,95,138
13239,Quitman,GA,4,20
13241,Rabun,GA,106,128
13243,Randolph,GA,51,42
13245,Richmond,GA,1170,1556
13247,Rockdale,GA,368,599
13249,Schley,GA,16,30
13251,Screven,GA,69,101
13253,Seminole,GA,56,177
13255,Spalding,GA,322,444
13257,Stephens,GA,146,237
13259,Stewart,GA,16,20
13261,Sumter,GA,116,197
13263,Talbot,GA,12,25
13265,Taliaferro,GA,10,6
13267,Tattnall,GA,127,180
13269,Taylor,GA,25,72
13271,Telfair,GA,73,89
13273,Terrell,GA,21,64
13275,Thomas,GA,296,467
13277,Tift,GA,126,311
13279,Toombs,GA,218,257
13281,Towns,GA,58,80
13283,Treutlen,GA,26,43
13285,Troup,GA,276,496
13287,Turner,GA,1,71
13289,Twiggs,GA,39,50
13291,Union,GA,118,160
13293,Upson,GA,130,225
13295,Walker,GA,417,217
13297,Walton,GA,431,502
13299,Ware,GA,233,360
13301,Warren,GA,15,20
13303,Washington,GA,94,143
13305,Wayne,GA,249,275
13307,Webster,GA,6,14
13309,Wheeler,GA,26,48
13311,White,GA,146,339
13313,Whitfield,GA,592,444
13315,Wilcox,GA,38,50
13317,Wilkes,GA,56,61
13319,Wilkinson,GA,36,40
13321,Worth,GA,127,157
15001,Hawaii,HI,607,2406
15003,Honolulu,HI,4412,11976
15005,Kalawao,HI,,0
15007,Kauai,HI,192,2606
15009,Maui,HI,559,6908
16001,Ada,ID,2138,2959
16003,Adams,ID,18,30
16005,Bannock,ID,421,553
16007,Bear Lake,ID,29,59
16009,Benewah,ID,64,48
16011,Bingham,ID,199,300
16013,Blaine,ID,100,172
16015,Boise,ID,27,58
16017,Bonner,ID,221,305
16019,Bonneville,ID,641,1079
16021,Boundary,ID,40,83
16023,Butte,ID,7,12
16025,Camas,ID,7,13
16027,Canyon,ID,1051,1256
16029,Caribou,ID,38,34
16031,Cassia,ID,135,169
16033,Clark,ID,2,5
16035,Clearwater,ID,38,54
16037,Custer,ID,11,70
16039,Elmore,ID,203,263
16041,Franklin,ID,42,61
16043,Fremont,ID,40,85
16045,Gem,ID,102,131
16047,Gooding,ID,45,70
16049,Idaho,ID,53,107
16051,Jefferson,ID,99,110
16053,Jerome,ID,119,104
16055,Kootenai,ID,794,2980
16057,Latah,ID,108,179
16059,Lemhi,ID,35,57
16061,Lewis,ID,9,27
16063,Lincoln,ID,16,17
16065,Madison,ID,76,347
16067,Minidoka,ID,52,132
16069,Nez Perce,ID,224,319
16071,Oneida,ID,23,22
16073,Owyhee,ID,25,58
16075,Payette,ID,152,211
16077,Power,ID,29,63
16079,Shoshone,ID,73,95
16081,Teton,ID,38,61
16083,Twin Falls,ID,502,755
16085,Valley,ID,36,169
16087,Washington,ID,54,75
17001,Adams,IL,242,521
17003,Alexander,IL,11,42
17005,Bond,IL,66,95
17007,Boone,IL,186,240
17009,Brown,IL,27,28
17011,Bureau,IL,109,166
17013,Calhoun,IL,17,27
17015,Carroll,IL,30,80
17017,Cass,IL,77,86
17019,Champaign,IL,569,1100
17021,Christian,IL,166,202
17023,Clark,IL,71,103
17025,Clay,IL,72,115
17027,Clinton,IL,101,283
17029,Coles,IL,227,309
17031,Cook,IL,10712,30199
17033,Crawford,IL,107,135
17035,Cumberland,IL,41,72
17037,DeKalb,IL,302,556
17039,De Witt,IL,75,90
17041,Douglas,IL,48,108
17043,DuPage,IL,2292,4650
17045,Edgar,IL,91,127
17047,Edwards,IL,37,43
17049,Effingham,IL,132,279
17051,Fayette,IL,110,127
17053,Ford,IL,42,83
17055,Franklin,IL,187,312
17057,Fulton,IL,130,197
17059,Gallatin,IL,20,36
17061,Greene,IL,30,83
17063,Grundy,IL,182,209
17065,Hamilton,IL,32,49
17067,Hancock,IL,70,253
17069,Hardin,IL,21,52
17071,Henderson,IL,21,49
17073,Henry,IL,166,297
17075,Iroquois,IL,51,145
17077,Jackson,IL,126,343
17079,Jasper,IL,25,74
17081,Jefferson,IL,215,284
17083,Jersey,IL,24,165
17085,Jo Daviess,IL,16,354
17087,Johnson,IL,68,90
17089,Kane,IL,1356,2699
17091,Kankakee,IL,358,631
17093,Kendall,IL,347,365
17095,Knox,IL,131,271
17097,Lake,IL,1112,4063
17099,La Salle,IL,412,700
17101,Lawrence,IL,71,115
17103,Lee,IL,117,210
17105,Livingston,IL,164,223
17107,Logan,IL,129,204
17109,McDonough,IL,114,182
17111,McHenry,IL,1055,1231
17113,McLean,IL,562,904
17115,Macon,IL,456,700
17117,Macoupin,IL,93,252
17119,Madison,IL,492,1640
17121,Marion,IL,187,244
17123,Marshall,IL,40,52
17125,Mason,IL,52,71
17127,Massac,IL,101,121
17129,Menard,IL,33,70
17131,Mercer,IL,27,69
17133,Monroe,IL,139,256
17135,Montgomery,IL,90,205
17137,Morgan,IL,65,234
17139,Moultrie,IL,51,81
17141,Ogle,IL,152,306
17143,Peoria,IL,551,1257
17145,Perry,IL,90,151
17147,Piatt,IL,46,122
17149,Pike,IL,76,133
17151,Pope,IL,29,48
17153,Pulaski,IL,15,33
17155,Putnam,IL,18,28
17157,Randolph,IL,142,212
17159,Richland,IL,98,125
17161,Rock Island,IL,627,1037
17163,St. Clair,IL,884,1540
17165,Saline,IL,159,211
17167,Sangamon,IL,651,1202
17169,Schuyler,IL,41,60
17171,Scott,IL,14,27
17173,Shelby,IL,75,191
17175,Stark,IL,25,29
17177,Stephenson,IL,96,253
17179,Tazewell,IL,566,750
17181,Union,IL,116,177
17183,Vermilion,IL,306,515
17185,Wabash,IL,47,88
17187,Warren,IL,77,92
17189,Washington,IL,52,94
17191,Wayne,IL,76,123
17193,White,IL,82,104
17195,Whiteside,IL,243,297
17197,Will,IL,1831,2615
17199,Williamson,IL,277,447
17201,Winnebago,IL,1080,1787
17203,Woodford,IL,106,148
18001,Adams,IN,148,178
18003,Allen,IN,1822,2080
18005,Bartholomew,IN,602,537
18007,Benton,IN,45,58
18009,Blackford,IN,82,92
18011,Boone,IN,282,330
18013,Brown,IN,108,134
18015,Carroll,IN,152,137
18017,Cass,IN,232,245
18019,Clark,IN,497,767
18021,Clay,IN,82,196
18023,Clinton,IN,156,201
18025,Crawford,IN,79,68
18027,Daviess,IN,189,215
18029,Dearborn,IN,466,263
18031,Decatur,IN,194,173
18033,DeKalb,IN,350,286
18035,Delaware,IN,781,779
18037,Dubois,IN,229,268
18039,Elkhart,IN,1319,1407
18041,Fayette,IN,167,187
18043,Floyd,IN,498,473
18045,Fountain,IN,137,120
18047,Franklin,IN,104,126
18049,Fulton,IN,156,137
18051,Gibson,IN,202,210
18053,Grant,IN,465,431
18055,Greene,IN,347,253
18057,Hamilton,IN,1390,1427
18059,Hancock,IN,379,422
18061,Harrison,IN,156,272
18063,Hendricks,IN,892,680
18065,Henry,IN,409,230
18067,Howard,IN,658,525
18069,Huntington,IN,331,265
18071,Jackson,IN,363,318
18073,Jasper,IN,158,186
18075,Jay,IN,115,138
18077,Jefferson,IN,230,222
18079,Jennings,IN,224,198
18081,Johnson,IN,869,850
18083,Knox,IN,239,290
18085,Kosciusko,IN,402,481
18087,LaGrange,IN,144,1990
18089,Lake,IN,2194,2701
18091,LaPorte,IN,795,173
18093,Lawrence,IN,463,317
18095,Madison,IN,869,896
18097,Marion,IN,5020,5911
18099,Marshall,IN,268,245
18101,Martin,IN,51,47
18103,Miami,IN,269,277
18105,Monroe,IN,774,769
18107,Montgomery,IN,289,300
18109,Morgan,IN,527,330
18111,Newton,IN,58,84
18113,Noble,IN,219,219
18115,Ohio,IN,28,29
18117,Orange,IN,168,134
18119,Owen,IN,156,185
18121,Parke,IN,120,127
18123,Perry,IN,163,129
18125,Pike,IN,115,75
18127,Porter,IN,1123,815
18129,Posey,IN,133,161
18131,Pulaski,IN,85,84
18133,Putnam,IN,274,230
18135,Randolph,IN,207,165
18137,Ripley,IN,157,132
18139,Rush,IN,189,113
18141,St. Joseph,IN,1314,1616
18143,Scott,IN,219,145
18145,Shelby,IN,325,309
18147,Spencer,IN,131,108
18149,Starke,IN,150,154
18151,Steuben,IN,168,255
18153,Sullivan,IN,216,93
18155,Switzerland,IN,95,43
18157,Tippecanoe,IN,638,1053
18159,Tipton,IN,93,103
18161,Union,IN,51,37
18163,Vanderburgh,IN,1303,1148
18165,Vermillion,IN,150,101
18167,Vigo,IN,774,703
18169,Wabash,IN,246,196
18171,Warren,IN,58,64
18173,Warrick,IN,317,336
18175,Washington,IN,215,181
18177,Wayne,IN,470,484
18179,Wells,IN,118,170
18181,White,IN,216,176
18183,Whitley,IN,241,251
19001,Adair,IA,20,35
19003,Adams,IA,9,23
19005,Allamakee,IA,33,105
19007,Appanoose,IA,16,136
19009,Audubon,IA,20,33
19011,Benton,IA,64,108
19013,Black Hawk,IA,217,666
19015,Boone,IA,91,215
19017,Bremer,IA,35,155
19019,Buchanan,IA,28,153
19021,Buena Vista,IA,57,170
19023,Butler,IA,31,74
19025,Calhoun,IA,24,73
19027,Carroll,IA,54,174
19029,Cass,IA,55,72
19031,Cedar,IA,50,83
19033,Cerro Gordo,IA,99,338
19035,Cherokee,IA,21,98
19037,Chickasaw,IA,29,289
19039,Clarke,IA,14,63
19041,Clay,IA,47,103
19043,Clayton,IA,34,137
19045,Clinton,IA,71,323
19047,Crawford,IA,57,102
19049,Dallas,IA,117,403
19051,Davis,IA,21,54
19053,Decatur,IA,25,48
19055,Delaware,IA,41,143
19057,Des Moines,IA,28,313
19059,Dickinson,IA,56,206
19061,Dubuque,IA,248,802
19063,Emmet,IA,23,49
19065,Fayette,IA,60,101
19067,Floyd,IA,29,75
19069,Franklin,IA,17,50
19071,Fremont,IA,28,65
19073,Greene,IA,26,48
19075,Grundy,IA,28,54
19077,Guthrie,IA,29,76
19079,Hamilton,IA,41,82
19081,Hancock,IA,14,63
19083,Hardin,IA,52,129
19085,Harrison,IA,45,77
19087,Henry,IA,42,137
19089,Howard,IA,14,65
19091,Humboldt,IA,22,75
19093,Ida,IA,36,39
19095,Iowa,IA,28,114
19097,Jackson,IA,48,111
19099,Jasper,IA,37,217
19101,Jefferson,IA,52,83
19103,Johnson,IA,191,979
19105,Jones,IA,44,123
19107,Keokuk,IA,32,67
19109,Kossuth,IA,45,71
19111,Lee,IA,67,242
19113,Linn,IA,567,1220
19115,Louisa,IA,26,46
19117,Lucas,IA,15,54
19119,Lyon,IA,17,68
19121,Madison,IA,61,103
19123,Mahaska,IA,62,126
19125,Marion,IA,119,242
19127,Marshall,IA,113,261
19129,Mills,IA,57,141
19131,Mitchell,IA,30,63
19133,Monona,IA,31,48
19135,Monroe,IA,25,32
19137,Montgomery,IA,49,90
19139,Muscatine,IA,170,337
19141,O'Brien,IA,42,78
19143,Osceola,IA,15,45
19145,Page,IA,50,92
19147,Palo Alto,IA,34,48
19149,Plymouth,IA,37,159
19151,Pocahontas,IA,27,42
19153,Polk,IA,1099,3192
19155,Pottawattamie,IA,355,755
19157,Poweshiek,IA,58,108
19159,Ringgold,IA,15,45
19161,Sac,IA,34,65
19163,Scott,IA,391,1298
19165,Shelby,IA,53,91
19167,Sioux,IA,73,232
19169,Story,IA,201,567
19171,Tama,IA,45,130
19173,Taylor,IA,10,47
19175,Union,IA,54,100
19177,Van Buren,IA,20,65
19179,Wapello,IA,94,298
19181,Warren,IA,123,294
19183,Washington,IA,63,145
19185,Wayne,IA,21,39
19187,Webster,IA,123,272
19189,Winnebago,IA,27,60
19191,Winneshiek,IA,41,204
19193,Woodbury,IA,201,592
19195,Worth,IA,6,50
19197,Wright,IA,28,47
20001,Allen,KS,32,68
20003,Anderson,KS,41,33
20005,Atchison,KS,42,100
20007,Barber,KS,20,39
20009,Barton,KS,84,216
20011,Bourbon,KS,66,88
20013,Brown,KS,16,81
20015,Butler,KS,155,397
20017,Chase,KS,5,24
20019,Chautauqua,KS,17,28
20021,Cherokee,KS,83,114
20023,Cheyenne,KS,12,9
20025,Clark,KS,3,16
20027,Clay,KS,18,67
20029,Cloud,KS,23,55
20031,Coffey,KS,124,51
20033,Comanche,KS,3,13
20035,Cowley,KS,150,219
20037,Crawford,KS,154,199
20039,Decatur,KS,12,17
20041,Dickinson,KS,96,147
20043,Doniphan,KS,31,44
20045,Douglas,KS,291,773
20047,Edwards,KS,11,21
20049,Elk,KS,6,12
20051,Ellis,KS,89,204
20053,Ellsworth,KS,47,34
20055,Finney,KS,108,232
20057,Ford,KS,131,252
20059,Franklin,KS,143,158
20061,Geary,KS,384,687
20063,Gove,KS,7,10
20065,Graham,KS,12,20
20067,Grant,KS,17,59
20069,Gray,KS,19,33
20071,Greeley,KS,2,3
20073,Greenwood,KS,24,38
20075,Hamilton,KS,4,14
20077,Harper,KS,17,36
20079,Harvey,KS,93,240
20081,Haskell,KS,10,30
20083,Hodgeman,KS,12,14
20085,Jackson,KS,33,81
20087,Jefferson,KS,65,120
20089,Jewell,KS,8,17
20091,Johnson,KS,1620,2456
20093,Kearny,KS,13,26
20095,Kingman,KS,29,43
20097,Kiowa,KS,7,9
20099,Labette,KS,95,97
20101,Lane,KS,8,13
20103,Leavenworth,KS,321,399
20105,Lincoln,KS,11,15
20107,Linn,KS,36,46
20109,Logan,KS,8,26
20111,Lyon,KS,76,237
20113,McPherson,KS,90,171
20115,Marion,KS,29,66
20117,Marshall,KS,28,77
20119,Meade,KS,11,26
20121,Miami,KS,143,235
20123,Mitchell,KS,25,49
20125,Montgomery,KS,132,219
20127,Morris,KS,15,30
20129,Morton,KS,14,25
20131,Nemaha,KS,37,77
20133,Neosho,KS,67,111
20135,Ness,KS,6,11
20137,Norton,KS,27,33
20139,Osage,KS,92,85
20141,Osborne,KS,14,20
20143,Ottawa,KS,14,38
20145,Pawnee,KS,41,45
20147,Phillips,KS,21,35
20149,Pottawatomie,KS,58,101
20151,Pratt,KS,31,77
20153,Rawlins,KS,1,13
20155,Reno,KS,331,434
20157,Republic,KS,13,24
20159,Rice,KS,33,35
20161,Riley,KS,245,664
20163,Rooks,KS,13,28
20165,Rush,KS,12,13
20167,Russell,KS,28,35
20169,Saline,KS,254,398
20171,Scott,KS,18,42
20173,Sedgwick,KS,2508,3393
20175,Seward,KS,84,182
20177,Shawnee,KS,605,1178
20179,Sheridan,KS,12,12
20181,Sherman,KS,42,44
20183,Smith,KS,12,31
20185,Stafford,KS,7,25
20187,Stanton,KS,12,16
20189,Stevens,KS,28,43
20191,Sumner,KS,89,192
20193,Thomas,KS,43,49
20195,Trego,KS,9,13
20197,Wabaunsee,KS,20,47
20199,Wallace,KS,6,11
20201,Washington,KS,10,40
20203,Wichita,KS,5,8
20205,Wilson,KS,32,59
20207,Woodson,KS,8,23
20209,Wyandotte,KS,260,1087
21001,Adair,KY,23,131
21003,Allen,KY,222,153
21005,Anderson,KY,116,137
21007,Ballard,KY,37,95
21009,Barren,KY,190,413
21011,Bath,KY,59,74
21013,Bell,KY,129,264
21015,Boone,KY,455,638
21017,Bourbon,KY,84,134
21019,Boyd,KY,248,759
21021,Boyle,KY,147,177
21023,Bracken,KY,35,62
21025,Breathitt,KY,72,113
21027,Breckinridge,KY,88,128
21029,Bullitt,KY,333,492
21031,Butler,KY,61,113
21033,Caldwell,KY,75,120
21035,Calloway,KY,140,281
21037,Campbell,KY,256,681
21039,Carlisle,KY,31,38
21041,Carroll,KY,53,103
21043,Carter,KY,188,207
21045,Casey,KY,69,118
21047,Christian,KY,595,853
21049,Clark,KY,212,210
21051,Clay,KY,94,163
21053,Clinton,KY,11,71
21055,Crittenden,KY,48,79
21057,Cumberland,KY,38,45
21059,Daviess,KY,436,695
21061,Edmonson,KY,51,75
21063,Elliott,KY,39,38
21065,Estill,KY,41,93
21067,Fayette,KY,1104,1964
21069,Fleming,KY,54,98
21071,Floyd,KY,214,342
21073,Franklin,KY,191,349
21075,Fulton,KY,42,59
21077,Gallatin,KY,43,62
21079,Garrard,KY,106,96
21081,Grant,KY,130,177
21083,Graves,KY,224,283
21085,Grayson,KY,135,235
21087,Green,KY,51,73
21089,Greenup,KY,158,409
21091,Hancock,KY,39,51
21093,Hardin,KY,803,1028
21095,Harlan,KY,95,293
21097,Harrison,KY,91,101
21099,Hart,KY,70,142
21101,Henderson,KY,164,585
21103,Henry,KY,71,86
21105,Hickman,KY,27,34
21107,Hopkins,KY,245,357
21109,Jackson,KY,63,95
21111,Jefferson,KY,3169,4380
21113,Jessamine,KY,219,382
21115,Johnson,KY,183,232
21117,Kenton,KY,560,1282
21119,Knott,KY,65,101
21121,Knox,KY,57,216
21123,Larue,KY,63,108
21125,Laurel,KY,257,463
21127,Lawrence,KY,78,153
21129,Lee,KY,21,64
21131,Leslie,KY,15,114
21133,Letcher,KY,103,209
21135,Lewis,KY,56,84
21137,Lincoln,KY,111,163
21139,Livingston,KY,65,66
21141,Logan,KY,97,234
21143,Lyon,KY,41,64
21145,McCracken,KY,365,641
21147,McCreary,KY,74,178
21149,McLean,KY,39,85
21151,Madison,KY,375,574
21153,Magoffin,KY,135,112
21155,Marion,KY,122,115
21157,Marshall,KY,167,195
21159,Martin,KY,57,124
21161,Mason,KY,78,146
21163,Meade,KY,101,250
21165,Menifee,KY,37,61
21167,Mercer,KY,86,149
21169,Metcalfe,KY,42,74
21171,Monroe,KY,71,93
21173,Montgomery,KY,167,202
21175,Morgan,KY,58,106
21177,Muhlenberg,KY,168,241
21179,Nelson,KY,194,291
21181,Nicholas,KY,34,56
21183,Ohio,KY,153,178
21185,Oldham,KY,257,289
21187,Owen,KY,53,52
21189,Owsley,KY,21,34
21191,Pendleton,KY,49,64
21193,Perry,KY,101,247
21195,Pike,KY,352,579
21197,Powell,KY,66,102
21199,Pulaski,KY,371,472
21201,Robertson,KY,8,21
21203,Rockcastle,KY,77,159
21205,Rowan,KY,117,161
21207,Russell,KY,94,135
21209,Scott,KY,123,312
21211,Shelby,KY,150,240
21213,Simpson,KY,99,160
21215,Spencer,KY,58,92
21217,Taylor,KY,113,201
21219,Todd,KY,74,95
21221,Trigg,KY,47,86
21223,Trimble,KY,38,69
21225,Union,KY,73,150
21227,Warren,KY,420,770
21229,Washington,KY,48,73
21231,Wayne,KY,116,152
21233,Webster,KY,92,120
21235,Whitley,KY,233,402
21237,Wolfe,KY,62,64
21239,Woodford,KY,97,155
22001,Acadia,LA,209,429
22003,Allen,LA,9,213
22005,Ascension,LA,436,584
22007,Assumption,LA,91,113
22009,Avoyelles,LA,120,267
22011,Beauregard,LA,145,285
22013,Bienville,LA,,91
22015,Bossier,LA,,791
22017,Caddo,LA,911,1847
22019,Calcasieu,LA,905,1541
22021,Caldwell,LA,61,67
22023,Cameron,LA,13,31
22025,Catahoula,LA,16,80
22027,Claiborne,LA,47,92
22029,Concordia,LA,66,147
22031,De Soto,LA,116,226
22033,East Baton Rouge,LA,1492,2688
22035,East Carroll,LA,16,31
22037,East Feliciana,LA,76,126
22039,Evangeline,LA,55,220
22041,Franklin,LA,100,159
22043,Grant,LA,72,142
22045,Iberia,LA,95,94
22047,Iberville,LA,,234
22049,Jackson,LA,63,78
22051,Jefferson,LA,1431,2442
22053,Jefferson Davis,LA,132,231
22055,Lafayette,LA,202,1324
22057,Lafourche,LA,371,565
22059,La Salle,LA,44,115
22061,Lincoln,LA,112,290
22063,Livingston,LA,601,833
22065,Madison,LA,46,200
22067,Morehouse,LA,131,146
22069,Natchitoches,LA,157,334
22071,Orleans,LA,1309,4636
22073,Ouachita,LA,665,963
22075,Plaquemines,LA,100,109
22077,Pointe Coupee,LA,,135
22079,Rapides,LA,577,924
22081,Red River,LA,29,61
22083,Richland,LA,58,147
22085,Sabine,LA,115,207
22087,St. Bernard,LA,141,195
22089,St. Charles,LA,216,234
22091,St. Helena,LA,,40
22093,St. James,LA,27,136
22095,St. John the Baptist,LA,,195
22097,St. Landry,LA,175,599
22099,St. Martin,LA,73,269
22101,St. Mary,LA,230,322
22103,St. Tammany,LA,389,1259
22105,Tangipahoa,LA,394,681
22107,Tensas,LA,,8
22109,Terrebonne,LA,450,698
22111,Union,LA,85,144
22113,Vermilion,LA,207,394
22115,Vernon,LA,186,604
22117,Washington,LA,13,379
22119,Webster,LA,155,276
22121,West Baton Rouge,LA,85,133
22123,West Carroll,LA,68,61
22125,West Feliciana,LA,37,138
22127,Winn,LA,76,104
23001,Androscoggin,ME,553,630
23003,Aroostook,ME,346,414
23005,Cumberland,ME,1259,2092
23007,Franklin,ME,131,191
23009,Hancock,ME,285,685
23011,Kennebec,ME,659,807
23013,Knox,ME,215,330
23015,Lincoln,ME,253,257
23017,Oxford,ME,234,303
23019,Penobscot,ME,720,1089
23021,Piscataquis,ME,97,122
23023,Sagadahoc,ME,346,338
23025,Somerset,ME,282,348
23027,Waldo,ME,202,300
23029,Washington,ME,165,179
23031,York,ME,1068,1900
24001,Allegany,MD,199,491
24003,Anne Arundel,MD,1609,3407
24005,Baltimore,MD,2491,4350
24009,Calvert,MD,283,518
24011,Caroline,MD,131,169
24013,Carroll,MD,489,834
24015,Cecil,MD,415,1218
24017,Charles,MD,206,698
24019,Dorchester,MD,137,257
24021,Frederick,MD,764,1553
24023,Garrett,MD,81,290
24025,Harford,MD,830,1330
24027,Howard,MD,796,1483
24029,Kent,MD,78,204
24031,Montgomery,MD,2182,5569
24033,Prince George's,MD,2772,3264
24035,Queen Anne's,MD,152,457
24037,St. Mary's,MD,273,573
24039,Somerset,MD,102,107
24041,Talbot,MD,157,395
24043,Washington,MD,303,941
24045,Wicomico,MD,329,621
24047,Worcester,MD,190,739
24510,Baltimore City,MD,1355,3685
25001,Barnstable,MA,736,3178
25003,Berkshire,MA,450,933
25005,Bristol,MA,1617,2568
25007,Dukes,MA,,369
25009,Essex,MA,2058,4260
25011,Franklin,MA,235,380
25013,Hampden,MA,1298,2386
25015,Hampshire,MA,413,795
25017,Middlesex,MA,3718,7161
25019,Nantucket,MA,58,236
25021,Norfolk,MA,1666,2801
25023,Plymouth,MA,1295,2271
25025,Suffolk,MA,1550,4877
25027,Worcester,MA,1519,4212
26001,Alcona,MI,36,39
26003,Alger,MI,34,39
26005,Allegan,MI,346,720
26007,Alpena,MI,110,171
26009,Antrim,MI,84,185
26011,Arenac,MI,61,85
26013,Baraga,MI,19,36
26015,Barry,MI,244,370
26017,Bay,MI,392,639
26019,Benzie,MI,78,137
26021,Berrien,MI,629,1117
26023,Branch,MI,193,247
26025,Calhoun,MI,567,902
26027,Cass,MI,243,267
26029,Charlevoix,MI,134,212
26031,Cheboygan,MI,103,154
26033,Chippewa,MI,131,214
26035,Clare,MI,130,203
26037,Clinton,MI,258,421
26039,Crawford,MI,75,81
26041,Delta,MI,131,242
26043,Dickinson,MI,126,184
26045,Eaton,MI,468,675
26047,Emmet,MI,150,277
26049,Genesee,MI,1695,2219
26051,Gladwin,MI,123,134
26053,Gogebic,MI,54,85
26055,Grand Traverse,MI,377,669
26057,Gratiot,MI,84,230
26059,Hillsdale,MI,231,270
26061,Houghton,MI,91,178
26063,Huron,MI,94,171
26065,Ingham,MI,974,1704
26067,Ionia,MI,169,362
26069,Iosco,MI,90,172
26071,Iron,MI,49,72
26073,Isabella,MI,173,350
26075,Jackson,MI,723,950
26077,Kalamazoo,MI,868,1603
26079,Kalkaska,MI,77,103
26081,Kent,MI,2301,4099
26083,Keweenaw,MI,9,20
26085,Lake,MI,34,67
26087,Lapeer,MI,327,498
26089,Leelanau,MI,73,179
26091,Lenawee,MI,445,451
26093,Livingston,MI,730,894
26095,Luce,MI,26,31
26097,Mackinac,MI,60,172
26099,Macomb,MI,2988,4464
26101,Manistee,MI,88,139
26103,Marquette,MI,215,446
26105,Mason,MI,155,206
26107,Mecosta,MI,145,222
26109,Menominee,MI,87,152
26111,Midland,MI,292,514
26113,Missaukee,MI,72,115
26115,Monroe,MI,595,668
26117,Montcalm,MI,264,454
26119,Montmorency,MI,30,47
26121,Muskegon,MI,779,1169
26123,Newaygo,MI,190,322
26125,Oakland,MI,4089,6137
26127,Oceana,MI,127,182
26129,Ogemaw,MI,104,143
26131,Ontonagon,MI,22,37
26133,Osceola,MI,84,172
26135,Oscoda,MI,34,56
26137,Otsego,MI,93,407
26139,Ottawa,MI,859,1582
26141,Presque Isle,MI,47,61
26143,Roscommon,MI,105,121
26145,Saginaw,MI,703,1029
26147,St. Clair,MI,686,851
26149,St. Joseph,MI,276,450
26151,Sanilac,MI,159,220
26153,Schoolcraft,MI,25,52
26155,Shiawassee,MI,248,439
26157,Tuscola,MI,237,349
26159,Van Buren,MI,279,509
26161,Washtenaw,MI,1057,1729
26163,Wayne,MI,5026,7204
26165,Wexford,MI,177,234
27001,Aitkin,MN,35,46
27003,Anoka,MN,1163,1598
27005,Becker,MN,112,178
27007,Beltrami,MN,129,281
27009,Benton,MN,131,51
27011,Big Stone,MN,10,33
27013,Blue Earth,MN,236,427
27015,Brown,MN,87,155
27017,Carlton,MN,133,168
27019,Carver,MN,282,376
27021,Cass,MN,88,64
27023,Chippewa,MN,37,62
27025,Chisago,MN,193,186
27027,Clay,MN,183,213
27029,Clearwater,MN,33,53
27031,Cook,MN,17,45
27033,Cottonwood,MN,39,64
27035,Crow Wing,MN,282,363
27037,Dakota,MN,1422,2272
27039,Dodge,MN,136,106
27041,Douglas,MN,113,232
27043,Faribault,MN,51,63
27045,Fillmore,MN,64,84
27047,Freeborn,MN,110,183
27049,Goodhue,MN,164,228
27051,Grant,MN,20,25
27053,Hennepin,MN,3711,7191
27055,Houston,MN,53,106
27057,Hubbard,MN,70,89
27059,Isanti,MN,148,212
27061,Itasca,MN,153,224
27063,Jackson,MN,28,53
27065,Kanabec,MN,71,77
27067,Kandiyohi,MN,151,261
27069,Kittson,MN,8,16
27071,Koochiching,MN,40,60
27073,Lac qui Parle,MN,15,21
27075,Lake,MN,31,57
27077,Lake of the Woods,MN,11,19
27079,Le Sueur,MN,78,85
27081,Lincoln,MN,14,24
27083,Lyon,MN,63,147
27085,McLeod,MN,113,205
27087,Mahnomen,MN,4,16
27089,Marshall,MN,21,33
27091,Martin,MN,71,87
27093,Meeker,MN,85,144
27095,Mille Lacs,MN,93,118
27097,Morrison,MN,126,178
27099,Mower,MN,128,186
27101,Murray,MN,32,30
27103,Nicollet,MN,94,111
27105,Nobles,MN,64,85
27107,Norman,MN,17,18
27109,Olmsted,MN,430,914
27111,Otter Tail,MN,155,186
27113,Pennington,MN,69,95
27115,Pine,MN,101,129
27117,Pipestone,MN,28,53
27119,Polk,MN,119,168
27121,Pope,MN,36,54
27123,Ramsey,MN,1478,2588
27125,Red Lake,MN,8,14
27127,Redwood,MN,35,76
27129,Renville,MN,31,37
27131,Rice,MN,199,241
27133,Rock,MN,21,95
27135,Roseau,MN,54,77
27137,St. Louis,MN,658,981
27139,Scott,MN,507,562
27141,Sherburne,MN,316,397
27143,Sibley,MN,47,81
27145,Stearns,MN,504,1105
27147,Steele,MN,118,225
27149,Stevens,MN,19,43
27151,Swift,MN,24,33
27153,Todd,MN,77,116
27155,Traverse,MN,9,12
27157,Wabasha,MN,87,54
27159,Wadena,MN,59,106
27161,Waseca,MN,81,92
27163,Washington,MN,791,1421
27165,Watonwan,MN,38,60
27167,Wilkin,MN,14,14
27169,Winona,MN,132,334
27171,Wright,MN,454,492
27173,Yellow Medicine,MN,23,28
28001,Adams,MS,123,283
28003,Alcorn,MS,236,131
28005,Amite,MS,31,57
28007,Attala,MS,101,107
28009,Benton,MS,39,26
28011,Bolivar,MS,156,121
28013,Calhoun,MS,76,69
28015,Carroll,MS,37,41
28017,Chickasaw,MS,44,92
28019,Choctaw,MS,44,40
28021,Claiborne,MS,22,45
28023,Clarke,MS,98,69
28025,Clay,MS,72,110
28027,Coahoma,MS,97,84
28029,Copiah,MS,114,162
28031,Covington,MS,69,132
28033,DeSoto,MS,874,502
28035,Forrest,MS,318,517
28037,Franklin,MS,37,56
28039,George,MS,51,143
28041,Greene,MS,0,74
28043,Grenada,MS,135,110
28045,Hancock,MS,182,220
28047,Harrison,MS,978,1174
28049,Hinds,MS,792,1205
28051,Holmes,MS,49,76
28053,Humphreys,MS,19,34
28055,Issaquena,MS,0,0
28057,Itawamba,MS,133,88
28059,Jackson,MS,764,658
28061,Jasper,MS,87,102
28063,Jefferson,MS,0,48
28065,Jefferson Davis,MS,16,75
28067,Jones,MS,405,361
28069,Kemper,MS,0,49
28071,Lafayette,MS,147,282
28073,Lamar,MS,311,248
28075,Lauderdale,MS,310,377
28077,Lawrence,MS,77,80
28079,Leake,MS,69,43
28081,Lee,MS,513,421
28083,Leflore,MS,88,135
28085,Lincoln,MS,167,195
28087,Lowndes,MS,301,243
28089,Madison,MS,296,385
28091,Marion,MS,157,164
28093,Marshall,MS,168,145
28095,Monroe,MS,199,186
28097,Montgomery,MS,40,56
28099,Neshoba,MS,134,204
28101,Newton,MS,100,106
28103,Noxubee,MS,13,43
28105,Oktibbeha,MS,117,219
28107,Panola,MS,204,192
28109,Pearl River,MS,271,249
28111,Perry,MS,59,52
28113,Pike,MS,183,291
28115,Pontotoc,MS,0,158
28117,Prentiss,MS,171,111
28119,Quitman,MS,26,35
28121,Rankin,MS,791,713
28123,Scott,MS,134,203
28125,Sharkey,MS,13,15
28127,Simpson,MS,119,166
28129,Smith,MS,107,80
28131,Stone,MS,95,140
28133,Sunflower,MS,0,70
28135,Tallahatchie,MS,56,47
28137,Tate,MS,119,144
28139,Tippah,MS,129,74
28141,Tishomingo,MS,105,103
28143,Tunica,MS,50,37
28145,Union,MS,167,137
28147,Walthall,MS,59,75
28149,Warren,MS,21,284
28151,Washington,MS,28,145
28153,Wayne,MS,140,78
28155,Webster,MS,72,47
28157,Wilkinson,MS,0,54
28159,Winston,MS,65,98
28161,Yalobusha,MS,85,60
28163,Yazoo,MS,28,124
29001,Adair,MO,81,150
29003,Andrew,MO,290,97
29005,Atchison,MO,17,39
29007,Audrain,MO,123,189
29009,Barry,MO,100,200
29011,Barton,MO,47,79
29013,Bates,MO,85,93
29015,Benton,MO,38,80
29017,Bollinger,MO,60,89
29019,Boone,MO,652,1085
29021,Buchanan,MO,177,614
29023,Butler,MO,289,415
29025,Caldwell,MO,38,52
29027,Callaway,MO,164,201
29029,Camden,MO,108,325
29031,Cape Girardeau,MO,343,572
29033,Carroll,MO,39,43
29035,Carter,MO,18,42
29037,Cass,MO,452,632
29039,Cedar,MO,73,83
29041,Chariton,MO,20,41
29043,Christian,MO,383,446
29045,Clark,MO,33,51
29047,Clay,MO,954,1310
29049,Clinton,MO,95,104
29051,Cole,MO,221,627
29053,Cooper,MO,43,106
29055,Crawford,MO,126,168
29057,Dade,MO,23,9
29059,Dallas,MO,93,90
29061,Daviess,MO,27,57
29063,DeKalb,MO,42,100
29065,Dent,MO,78,138
29067,Douglas,MO,74,57
29069,Dunklin,MO,205,179
29071,Franklin,MO,432,759
29073,Gasconade,MO,51,106
29075,Gentry,MO,24,35
29077,Greene,MO,1372,1868
29079,Grundy,MO,55,86
29081,Harrison,MO,53,84
29083,Henry,MO,135,143
29085,Hickory,MO,36,45
29087,Holt,MO,18,28
29089,Howard,MO,34,49
29091,Howell,MO,291,370
29093,Iron,MO,41,65
29095,Jackson,MO,2515,5330
29097,Jasper,MO,732,935
29099,Jefferson,MO,514,1092
29101,Johnson,MO,181,352
29103,Knox,MO,19,10
29105,Laclede,MO,183,335
29107,Lafayette,MO,146,166
29109,Lawrence,MO,144,251
29111,Lewis,MO,30,59
29113,Lincoln,MO,188,346
29115,Linn,MO,66,71
29117,Livingston,MO,74,96
29119,McDonald,MO,85,152
29121,Macon,MO,52,90
29123,Madison,MO,77,42
29125,Maries,MO,20,45
29127,Marion,MO,159,223
29129,Mercer,MO,15,29
29131,Miller,MO,125,152
29133,Mississippi,MO,61,118
29135,Moniteau,MO,56,87
29137,Monroe,MO,33,46
29139,Montgomery,MO,41,77
29141,Morgan,MO,56,119
29143,New Madrid,MO,87,103
29145,Newton,MO,194,386
29147,Nodaway,MO,81,135
29149,Oregon,MO,52,70
29151,Osage,MO,44,77
29153,Ozark,MO,34,50
29155,Pemiscot,MO,107,128
29157,Perry,MO,58,112
29159,Pettis,MO,270,390
29161,Phelps,MO,198,340
29163,Pike,MO,63,129
29165,Platte,MO,328,525
29167,Polk,MO,128,216
29169,Pulaski,MO,350,502
29171,Putnam,MO,22,34
29173,Ralls,MO,49,61
29175,Randolph,MO,120,200
29177,Ray,MO,72,121
29179,Reynolds,MO,25,41
29181,Ripley,MO,86,126
29183,St. Charles,MO,1373,1212
29185,St. Clair,MO,42,52
29186,Ste. Genevieve,MO,65,98
29187,St. Francois,MO,346,528
29189,St. Louis,MO,3000,5591
29195,Saline,MO,95,159
29197,Schuyler,MO,20,21
29199,Scotland,MO,17,28
29201,Scott,MO,235,272
29203,Shannon,MO,27,56
29205,Shelby,MO,24,28
29207,Stoddard,MO,212,241
29209,Stone,MO,135,182
29211,Sullivan,MO,31,54
29213,Taney,MO,238,782
29215,Texas,MO,72,185
29217,Vernon,MO,97,152
29219,Warren,MO,125,181
29221,Washington,MO,116,179
29223,Wayne,MO,67,85
29225,Webster,MO,172,208
29227,Worth,MO,10,13
29229,Wright,MO,89,117
29510,St. Louis CY,MO,648,2404
30001,Beaverhead,MT,25,48
30003,Big Horn,MT,14,82
30005,Blaine,MT,7,34
30007,Broadwater,MT,9,51
30009,Carbon,MT,11,175
30011,Carter,MT,2,
30013,Cascade,MT,436,593
30015,Chouteau,MT,5,32
30017,Custer,MT,44,72
30019,Daniels,MT,3,7
30021,Dawson,MT,,59
30023,Deer Lodge,MT,8,57
30025,Fallon,MT,5,24
30027,Fergus,MT,46,82
30029,Flathead,MT,431,1479
30031,Gallatin,MT,283,753
30033,Garfield,MT,1,7
30035,Glacier,MT,40,76
30037,Golden Valley,MT,1,
30039,Granite,MT,5,20
30041,Hill,MT,49,83
30043,Jefferson,MT,22,43
30045,Judith Basin,MT,6,13
30047,Lake,MT,84,203
30049,Lewis and Clark,MT,307,369
30051,Liberty,MT,5,7
30053,Lincoln,MT,57,124
30055,McCone,MT,,
30057,Madison,MT,20,64
30059,Meagher,MT,1,14
30061,Mineral,MT,14,24
30063,Missoula,MT,370,660
30065,Musselshell,MT,9,20
30067,Park,MT,90,104
30069,Petroleum,MT,,
30071,Phillips,MT,6,22
30073,Pondera,MT,11,30
30075,Powder River,MT,6,8
30077,Powell,MT,11,25
30079,Prairie,MT,,
30081,Ravalli,MT,41,214
30083,Richland,MT,25,68
30085,Roosevelt,MT,1,58
30087,Rosebud,MT,14,39
30089,Sanders,MT,29,83
30091,Sheridan,MT,4,14
30093,Silver Bow,MT,118,222
30095,Stillwater,MT,,54
30097,Sweet Grass,MT,15,31
30099,Teton,MT,12,35
30101,Toole,MT,15,36
30103,Treasure,MT,1,
30105,Valley,MT,10,37
30107,Wheatland,MT,8,11
30109,Wibaux,MT,2,
30111,Yellowstone,MT,546,955
31001,Adams,NE,123,230
31003,Antelope,NE,29,33
31005,Arthur,NE,3,4
31007,Banner,NE,0,2
31009,Blaine,NE,0,6
31011,Boone,NE,13,41
31013,Box Butte,NE,39,64
31015,Boyd,NE,5,18
31017,Brown,NE,13,22
31019,Buffalo,NE,168,333
31021,Burt,NE,18,42
31023,Butler,NE,24,47
31025,Cass,NE,86,161
31027,Cedar,NE,19,42
31029,Chase,NE,18,34
31031,Cherry,NE,16,55
31033,Cheyenne,NE,40,73
31035,Clay,NE,16,27
31037,Colfax,NE,38,79
31039,Cuming,NE,15,52
31041,Custer,NE,45,51
31043,Dakota,NE,65,167
31045,Dawes,NE,27,72
31047,Dawson,NE,101,177
31049,Deuel,NE,7,9
31051,Dixon,NE,16,38
31053,Dodge,NE,123,283
31055,Douglas,NE,1833,3713
31057,Dundy,NE,3,3
31059,Fillmore,NE,13,26
31061,Franklin,NE,10,21
31063,Frontier,NE,18,11
31065,Furnas,NE,28,25
31067,Gage,NE,89,153
31069,Garden,NE,4,13
31071,Garfield,NE,8,19
31073,Gosper,NE,6,18
31075,Grant,NE,1,2
31077,Greeley,NE,7,15
31079,Hall,NE,240,387
31081,Hamilton,NE,41,51
31083,Harlan,NE,9,20
31085,Hayes,NE,4,1
31087,Hitchcock,NE,13,20
31089,Holt,NE,44,72
31091,Hooker,NE,1,1
31093,Howard,NE,18,31
31095,Jefferson,NE,39,41
31097,Johnson,NE,25,27
31099,Kearney,NE,18,50
31101,Keith,NE,36,69
31103,Keya Paha,NE,2,5
31105,Kimball,NE,15,17
31107,Knox,NE,34,57
31109,Lancaster,NE,937,1866
31111,Lincoln,NE,169,235
31113,Logan,NE,1,3
31115,Loup,NE,0,1
31117,McPherson,NE,0,1
31119,Madison,NE,126,233
31121,Merrick,NE,24,49
31123,Morrill,NE,23,18
31125,Nance,NE,12,14
31127,Nemaha,NE,21,50
31129,Nuckolls,NE,26,31
31131,Otoe,NE,59,118
31133,Pawnee,NE,12,16
31135,Perkins,NE,6,22
31137,Phelps,NE,44,40
31139,Pierce,NE,30,68
31141,Platte,NE,114,247
31143,Polk,NE,10,15
31145,Red Willow,NE,43,93
31147,Richardson,NE,31,73
31149,Rock,NE,5,11
31151,Saline,NE,50,85
31153,Sarpy,NE,693,796
31155,Saunders,NE,61,121
31157,Scotts Bluff,NE,169,282
31159,Seward,NE,53,96
31161,Sheridan,NE,16,22
31163,Sherman,NE,10,18
31165,Sioux,NE,2,4
31167,Stanton,NE,22,25
31169,Thayer,NE,15,29
31171,Thomas,NE,2,6
31173,Thurston,NE,16,23
31175,Valley,NE,12,35
31177,Washington,NE,66,97
31179,Wayne,NE,27,45
31181,Webster,NE,12,19
31183,Wheeler,NE,1,5
31185,York,NE,57,105
32001,Churchill,NV,387,161
32003,Clark,NV,11188,90024
32005,Douglas,NV,543,1352
32007,Elko,NV,304,510
32009,Esmeralda,NV,2,3
32011,Eureka,NV,0,9
32013,Humboldt,NV,121,175
32015,Lander,NV,28,36
32017,Lincoln,NV,13,24
32019,Lyon,NV,49,81
32021,Mineral,NV,16,18
32023,Nye,NV,1156,208
32027,Pershing,NV,14,41
32029,Storey,NV,4,71
32031,Washoe,NV,1748,9837
32033,White Pine,NV,56,70
32510,Carson City,NV,443,724
33001,Belknap,NH,287,458
33003,Carroll,NH,163,441
33005,Cheshire,NH,298,580
33007,Coos,NH,145,215
33009,Grafton,NH,354,663
33011,Hillsborough,NH,1349,2835
33013,Merrimack,NH,673,1037
33015,Rockingham,NH,1116,2270
33017,Strafford,NH,497,863
33019,Sullivan,NH,206,286
34001,Atlantic,NJ,1101,1761
34003,Bergen,NJ,2964,4169
34005,Burlington,NJ,1610,1779
34007,Camden,NJ,1673,2333
34009,Cape May,NJ,335,1241
34011,Cumberland,NJ,508,669
34013,Essex,NJ,2874,4316
34015,Gloucester,NJ,1112,1237
34017,Hudson,NJ,2509,3508
34019,Hunterdon,NJ,491,552
34021,Mercer,NJ,1093,1648
34023,Middlesex,NJ,2724,3372
34025,Monmouth,NJ,2139,3471
34027,Morris,NJ,1662,2280
34029,Ocean,NJ,1838,2793
34031,Passaic,NJ,1906,2648
34033,Salem,NJ,250,300
34035,Somerset,NJ,1001,1580
34037,Sussex,NJ,548,700
34039,Union,NJ,2230,2843
34041,Warren,NJ,373,376
35001,Bernalillo,NM,3139,4287
35003,Catron,NM,11,20
35005,Chaves,NM,353,610
35006,Cibola,NM,111,120
35007,Colfax,NM,59,89
35009,Curry,NM,375,563
35011,De Baca,NM,17,9
35013,Dona Ana,NM,791,1535
35015,Eddy,NM,282,452
35017,Grant,NM,134,173
35019,Guadalupe,NM,19,20
35021,Harding,NM,1,5
35023,Hidalgo,NM,18,29
35025,Lea,NM,316,587
35027,Lincoln,NM,120,182
35028,Los Alamos,NM,56,97
35029,Luna,NM,125,187
35031,McKinley,NM,205,625
35033,Mora,NM,19,16
35035,Otero,NM,362,541
35037,Quay,NM,45,72
35039,Rio Arriba,NM,122,468
35041,Roosevelt,NM,98,171
35043,Sandoval,NM,446,605
35045,San Juan,NM,421,743
35047,San Miguel,NM,132,161
35049,Santa Fe,NM,580,1066
35051,Sierra,NM,47,89
35053,Socorro,NM,59,115
35055,Taos,NM,129,284
35057,Torrance,NM,57,105
35059,Union,NM,29,48
35061,Valencia,NM,324,526
36001,Albany,NY,768,1351
36003,Allegany,NY,159,236
36005,Bronx,NY,3114,9492
36007,Broome,NY,512,899
36009,Cattaraugus,NY,215,505
36011,Cayuga,NY,212,512
36013,Chautauqua,NY,419,794
36015,Chemung,NY,251,439
36017,Chenango,NY,154,268
36019,Clinton,NY,289,543
36021,Columbia,NY,154,275
36023,Cortland,NY,170,220
36025,Delaware,NY,141,207
36027,Dutchess,NY,786,1437
36029,Erie,NY,2385,4543
36031,Essex,NY,107,413
36033,Franklin,NY,137,315
36035,Fulton,NY,206,290
36037,Genesee,NY,179,304
36039,Greene,NY,101,270
36041,Hamilton,NY,7,51
36043,Herkimer,NY,194,389
36045,Jefferson,NY,541,1430
36047,Kings,NY,5975,11906
36049,Lewis,NY,96,161
36051,Livingston,NY,169,321
36053,Madison,NY,173,448
36055,Monroe,NY,2035,3602
36057,Montgomery,NY,117,219
36059,Nassau,NY,2765,5661
36061,New York,NY,13048,28594
36063,Niagara,NY,535,1891
36065,Oneida,NY,497,1293
36067,Onondaga,NY,1351,2280
36069,Ontario,NY,334,845
36071,Orange,NY,842,1863
36073,Orleans,NY,140,230
36075,Oswego,NY,372,656
36077,Otsego,NY,141,353
36079,Putnam,NY,236,344
36081,Queens,NY,5205,13883
36083,Rensselaer,NY,395,612
36085,Richmond,NY,807,3176
36087,Rockland,NY,612,1694
36089,St. Lawrence,NY,292,649
36091,Saratoga,NY,694,1194
36093,Schenectady,NY,390,732
36095,Schoharie,NY,64,159
36097,Schuyler,NY,56,245
36099,Seneca,NY,92,244
36101,Steuben,NY,278,620
36103,Suffolk,NY,3510,6920
36105,Sullivan,NY,199,319
36107,Tioga,NY,178,306
36109,Tompkins,NY,247,557
36111,Ulster,NY,494,944
36113,Warren,NY,233,680
36115,Washington,NY,199,318
36117,Wayne,NY,246,417
36119,Westchester,NY,2395,4062
36121,Wyoming,NY,149,351
36123,Yates,NY,52,264
37001,Alamance,NC,572,775
37003,Alexander,NC,87,170
37005,Alleghany,NC,35,89
37007,Anson,NC,71,105
37009,Ashe,NC,95,192
37011,Avery,NC,36,179
37013,Beaufort,NC,202,325
37015,Bertie,NC,58,99
37017,Bladen,NC,71,171
37019,Brunswick,NC,305,1368
37021,Buncombe,NC,997,1957
37023,Burke,NC,296,463
37025,Cabarrus,NC,541,1112
37027,Caldwell,NC,301,491
37029,Camden,NC,22,75
37031,Carteret,NC,297,1010
37033,Caswell,NC,51,103
37035,Catawba,NC,575,924
37037,Chatham,NC,162,355
37039,Cherokee,NC,111,204
37041,Chowan,NC,34,84
37043,Clay,NC,30,88
37045,Cleveland,NC,423,601
37047,Columbus,NC,231,320
37049,Craven,NC,462,955
37051,Cumberland,NC,2208,3846
37053,Currituck,NC,65,561
37055,Dare,NC,152,1539
37057,Davidson,NC,614,796
37059,Davie,NC,79,156
37061,Duplin,NC,185,333
37063,Durham,NC,1031,1581
37065,Edgecombe,NC,175,290
37067,Forsyth,NC,1298,1679
37069,Franklin,NC,164,266
37071,Gaston,NC,846,1263
37073,Gates,NC,26,53
37075,Graham,NC,29,79
37077,Granville,NC,166,246
37079,Greene,NC,39,83
37081,Guilford,NC,1670,2990
37083,Halifax,NC,225,255
37085,Harnett,NC,404,622
37087,Haywood,NC,188,658
37089,Henderson,NC,344,582
37091,Hertford,NC,82,125
37093,Hoke,NC,63,287
37095,Hyde,NC,16,93
37097,Iredell,NC,563,1018
37099,Jackson,NC,118,236
37101,Johnston,NC,622,912
37103,Jones,NC,18,46
37105,Lee,NC,236,382
37107,Lenoir,NC,243,309
37109,Lincoln,NC,297,497
37111,McDowell,NC,189,280
37113,Macon,NC,122,299
37115,Madison,NC,62,178
37117,Martin,NC,75,139
37119,Mecklenburg,NC,4679,4842
37121,Mitchell,NC,54,94
37123,Montgomery,NC,98,134
37125,Moore,NC,299,491
37127,Nash,NC,325,499
37129,New Hanover,NC,832,1792
37131,Northampton,NC,22,66
37133,Onslow,NC,1199,3045
37135,Orange,NC,295,714
37137,Pamlico,NC,52,85
37139,Pasquotank,NC,147,219
37141,Pender,NC,153,414
37143,Perquimans,NC,27,80
37145,Person,NC,143,180
37147,Pitt,NC,574,929
37149,Polk,NC,45,93
37151,Randolph,NC,422,658
37153,Richmond,NC,170,247
37155,Robeson,NC,419,571
37157,Rockingham,NC,331,524
37159,Rowan,NC,344,743
37161,Rutherford,NC,266,622
37163,Sampson,NC,201,355
37165,Scotland,NC,95,209
37167,Stanly,NC,193,413
37169,Stokes,NC,102,208
37171,Surry,NC,283,538
37173,Swain,NC,33,184
37175,Transylvania,NC,60,218
37177,Tyrrell,NC,12,21
37179,Union,NC,480,743
37181,Vance,NC,106,227
37183,Wake,NC,3097,4851
37185,Warren,NC,45,120
37187,Washington,NC,33,53
37189,Watauga,NC,120,455
37191,Wayne,NC,515,892
37193,Wilkes,NC,286,447
37195,Wilson,NC,340,406
37197,Yadkin,NC,175,253
37199,Yancey,NC,76,116
38001,Adams,ND,7,14
38003,Barnes,ND,8,54
38005,Benson,ND,5,8
38007,Billings,ND,1,12
38009,Bottineau,ND,19,31
38011,Bowman,ND,3,15
38013,Burke,ND,1,9
38015,Burleigh,ND,275,577
38017,Cass,ND,478,1054
38019,Cavalier,ND,11,24
38021,Dickey,ND,15,20
38023,Divide,ND,,7
38025,Dunn,ND,6,21
38027,Eddy,ND,6,9
38029,Emmons,ND,4,15
38031,Foster,ND,9,16
38033,Golden Valley,ND,5,11
38035,Grand Forks,ND,236,490
38037,Grant,ND,2,11
38039,Griggs,ND,4,11
38041,Hettinger,ND,4,8
38043,Kidder,ND,1,8
38045,LaMoure,ND,4,25
38047,Logan,ND,2,1
38049,McHenry,ND,6,18
38051,McIntosh,ND,2,15
38053,McKenzie,ND,9,20
38055,McLean,ND,16,28
38057,Mercer,ND,18,45
38059,Morton,ND,79,157
38061,Mountrail,ND,7,36
38063,Nelson,ND,6,6
38065,Oliver,ND,3,10
38067,Pembina,ND,23,35
38069,Pierce,ND,13,18
38071,Ramsey,ND,34,99
38073,Ransom,ND,15,28
38075,Renville,ND,3,11
38077,Richland,ND,44,81
38079,Rolette,ND,6,26
38081,Sargent,ND,8,24
38083,Sheridan,ND,4,3
38085,Sioux,ND,4,22
38087,Slope,ND,0,0.2
38089,Stark,ND,101,193
38091,Steele,ND,1,12
38093,Stutsman,ND,51,136
38095,Towner,ND,8,13
38097,Traill,ND,16,38
38099,Walsh,ND,26,48
38101,Ward,ND,351,589
38103,Wells,ND,6,27
38105,Williams,ND,98,164
39001,Adams,OH,135,188
39003,Allen,OH,404,549
39005,Ashland,OH,243,325
39007,Ashtabula,OH,362,585
39009,Athens,OH,248,341
39011,Auglaize,OH,159,266
39013,Belmont,OH,220,387
39015,Brown,OH,159,199
39017,Butler,OH,1271,1987
39019,Carroll,OH,103,191
39021,Champaign,OH,180,190
39023,Clark,OH,573,776
39025,Clermont,OH,865,1106
39027,Clinton,OH,218,325
39029,Columbiana,OH,418,579
39031,Coshocton,OH,154,266
39033,Crawford,OH,190,306
39035,Cuyahoga,OH,4036,6414
39037,Darke,OH,223,286
39039,Defiance,OH,168,237
39041,Delaware,OH,535,739
39043,Erie,OH,241,455
39045,Fairfield,OH,524,815
39047,Fayette,OH,142,180
39049,Franklin,OH,4797,7849
39051,Fulton,OH,132,280
39053,Gallia,OH,125,204
39055,Geauga,OH,227,432
39057,Greene,OH,511,836
39059,Guernsey,OH,148,262
39061,Hamilton,OH,2225,4419
39063,Hancock,OH,301,495
39065,Hardin,OH,112,153
39067,Harrison,OH,73,92
39069,Henry,OH,106,167
39071,Highland,OH,153,284
39073,Hocking,OH,130,259
39075,Holmes,OH,92,335
39077,Huron,OH,157,333
39079,Jackson,OH,135,236
39081,Jefferson,OH,232,356
39083,Knox,OH,206,349
39085,Lake,OH,630,1247
39087,Lawrence,OH,302,198
39089,Licking,OH,725,1021
39091,Logan,OH,186,243
39093,Lorain,OH,940,1485
39095,Lucas,OH,1530,4407
39097,Madison,OH,131,198
39099,Mahoning,OH,637,1071
39101,Marion,OH,254,425
39103,Medina,OH,578,882
39105,Meigs,OH,87,106
39107,Mercer,OH,116,276
39109,Miami,OH,442,637
39111,Monroe,OH,57,89
39113,Montgomery,OH,1998,3063
39115,Morgan,OH,60,89
39117,Morrow,OH,148,190
39119,Muskingum,OH,346,563
39121,Noble,OH,52,70
39123,Ottawa,OH,138,261
39125,Paulding,OH,85,121
39127,Perry,OH,123,235
39129,Pickaway,OH,214,326
39131,Pike,OH,124,180
39133,Portage,OH,478,761
39135,Preble,OH,183,226
39137,Putnam,OH,87,196
39139,Richland,OH,475,732
39141,Ross,OH,223,508
39143,Sandusky,OH,197,334
39145,Scioto,OH,339,372
39147,Seneca,OH,158,303
39149,Shelby,OH,188,284
39151,Stark,OH,1547,1985
39153,Summit,OH,1736,2920
39155,Trumbull,OH,788,1072
39157,Tuscarawas,OH,376,549
39159,Union,OH,146,252
39161,Van Wert,OH,164,177
39163,Vinton,OH,103,100
39165,Warren,OH,645,1037
39167,Washington,OH,298,445
39169,Wayne,OH,308,645
39171,Williams,OH,183,265
39173,Wood,OH,374,712
39175,Wyandot,OH,84,145
40001,Adair,OK,165,115
40003,Alfalfa,OK,25,47
40005,Atoka,OK,84,80
40007,Beaver,OK,20,26
40009,Beckham,OK,134,165
40011,Blaine,OK,50,40
40013,Bryan,OK,217,409
40015,Caddo,OK,126,160
40017,Canadian,OK,618,773
40019,Carter,OK,256,380
40021,Cherokee,OK,214,283
40023,Choctaw,OK,83,192
40025,Cimarron,OK,9,15
40027,Cleveland,OK,1470,1671
40029,Coal,OK,41,33
40031,Comanche,OK,992,1386
40033,Cotton,OK,33,37
40035,Craig,OK,86,111
40037,Creek,OK,388,569
40039,Custer,OK,139,205
40041,Delaware,OK,196,188
40043,Dewey,OK,21,25
40045,Ellis,OK,23,33
40047,Garfield,OK,386,480
40049,Garvin,OK,144,219
40051,Grady,OK,297,353
40053,Grant,OK,11,19
40055,Greer,OK,15,44
40057,Harmon,OK,16,12
40059,Harper,OK,22,29
40061,Haskell,OK,85,84
40063,Hughes,OK,66,79
40065,Jackson,OK,175,124
40067,Jefferson,OK,41,38
40069,Johnston,OK,57,49
40071,Kay,OK,205,364
40073,Kingfisher,OK,57,102
40075,Kiowa,OK,41,65
40077,Latimer,OK,76,55
40079,Le Flore,OK,348,317
40081,Lincoln,OK,150,200
40083,Logan,OK,153,259
40085,Love,OK,49,161
40087,McClain,OK,179,204
40089,McCurtain,OK,218,216
40091,McIntosh,OK,99,92
40093,Major,OK,27,43
40095,Marshall,OK,60,128
40097,Mayes,OK,223,261
40099,Murray,OK,60,105
40101,Muskogee,OK,397,528
40103,Noble,OK,56,73
40105,Nowata,OK,70,50
40107,Okfuskee,OK,58,73
40109,Oklahoma,OK,3422,5180
40111,Okmulgee,OK,195,286
40113,Osage,OK,153,106
40115,Ottawa,OK,129,1216
40117,Pawnee,OK,84,72
40119,Payne,OK,250,523
40121,Pittsburg,OK,293,319
40123,Pontotoc,OK,167,370
40125,Pottawatomie,OK,365,516
40127,Pushmataha,OK,89,78
40129,Roger Mills,OK,19,16
40131,Rogers,OK,492,509
40133,Seminole,OK,115,157
40135,Sequoyah,OK,200,275
40137,Stephens,OK,253,297
40139,Texas,OK,85,139
40141,Tillman,OK,45,36
40143,Tulsa,OK,3274,4164
40145,Wagoner,OK,305,269
40147,Washington,OK,279,436
40149,Washita,OK,81,71
40151,Woods,OK,34,52
40153,Woodward,OK,128,156
41001,Baker,OR,68,125
41003,Benton,OR,239,417
41005,Clackamas,OR,1323,2554
41007,Clatsop,OR,135,637
41009,Columbia,OR,234,271
41011,Coos,OR,295,432
41013,Crook,OR,116,125
41015,Curry,OR,67,151
41017,Deschutes,OR,838,1088
41019,Douglas,OR,537,686
41021,Gilliam,OR,10,9
41023,Grant,OR,27,44
41025,Harney,OR,35,40
41027,Hood River,OR,77,315
41029,Jackson,OR,936,1335
41031,Jefferson,OR,78,145
41033,Josephine,OR,404,447
41035,Klamath,OR,301,397
41037,Lake,OR,41,37
41039,Lane,OR,1400,2011
41041,Lincoln,OR,210,715
41043,Linn,OR,552,752
41045,Malheur,OR,71,176
41047,Marion,OR,1253,2254
41049,Morrow,OR,48,56
41051,Multnomah,OR,2669,5313
41053,Polk,OR,257,428
41055,Sherman,OR,1,9
41057,Tillamook,OR,79,311
41059,Umatilla,OR,330,392
41061,Union,OR,94,158
41063,Wallowa,OR,23,69
41065,Wasco,OR,115,214
41067,Washington,OR,2075,2320
41069,Wheeler,OR,5,21
41071,Yamhill,OR,369,613
42001,Adams,PA,346,757
42003,Allegheny,PA,2735,5967
42005,Armstrong,PA,218,376
42007,Beaver,PA,435,988
42009,Bedford,PA,135,266
42011,Berks,PA,1010,2266
42013,Blair,PA,315,709
42015,Bradford,PA,176,438
42017,Bucks,PA,1222,3127
42019,Butler,PA,539,942
42021,Cambria,PA,314,743
42023,Cameron,PA,2027,34
42025,Carbon,PA,199,371
42027,Centre,PA,382,770
42029,Chester,PA,1083,2338
42031,Clarion,PA,63,277
42033,Clearfield,PA,205,450
42035,Clinton,PA,149,234
42037,Columbia,PA,176,398
42039,Crawford,PA,265,513
42041,Cumberland,PA,527,1102
42043,Dauphin,PA,726,2037
42045,Delaware,PA,201,2369
42047,Elk,PA,79,187
42049,Erie,PA,681,1485
42051,Fayette,PA,405,818
42053,Forest,PA,10,32
42055,Franklin,PA,429,934
42057,Fulton,PA,27,86
42059,Greene,PA,116,420
42061,Huntingdon,PA,147,247
42063,Indiana,PA,190,443
42065,Jefferson,PA,194,292
42067,Juniata,PA,56,141
42069,Lackawanna,PA,333,1084
42071,Lancaster,PA,1224,3216
42073,Lawrence,PA,209,474
42075,Lebanon,PA,450,823
42077,Lehigh,PA,782,2080
42079,Luzerne,PA,573,1375
42081,Lycoming,PA,319,755
42083,McKean,PA,166,230
42085,Mercer,PA,319,620
42087,Mifflin,PA,150,302
42089,Monroe,PA,371,851
42091,Montgomery,PA,1672,3796
42093,Montour,PA,31,127
42095,Northampton,PA,799,1296
42097,Northumberland,PA,211,379
42099,Perry,PA,133,255
42101,Philadelphia,PA,1478,9081
42103,Pike,PA,116,363
42105,Potter,PA,5747,124
42107,Schuylkill,PA,379,709
42109,Snyder,PA,80,239
42111,Somerset,PA,171,364
42113,Sullivan,PA,10,51
42115,Susquehanna,PA,134,195
42117,Tioga,PA,133,264
42119,Union,PA,92,258
42121,Venango,PA,173,347
42123,Warren,PA,94,262
42125,Washington,PA,458,1095
42127,Wayne,PA,120,254
42129,Westmoreland,PA,1000,1782
42131,Wyoming,PA,78,156
42133,York,PA,1112,2186
44001,Bristol2,RI,,320
44003,Kent,RI,675,766
44005,Newport,RI,266,1159
44007,Providence,RI,2551,2991
44009,Washington,RI,457,845
45001,Abbeville,SC,77,124
45003,Aiken,SC,515,1205
45005,Allendale,SC,9,48
45007,Anderson,SC,714,1015
45009,Bamberg,SC,39,25
45011,Barnwell,SC,86,128
45013,Beaufort,SC,449,1701
45015,Berkeley,SC,687,1328
45017,Calhoun,SC,39,79
45019,Charleston,SC,1175,3834
45021,Cherokee,SC,214,423
45023,Chester,SC,119,158
45025,Chesterfield,SC,160,319
45027,Clarendon,SC,89,167
45029,Colleton,SC,161,262
45031,Darlington,SC,240,304
45033,Dillon,SC,91,573
45035,Dorchester,SC,479,792
45037,Edgefield,SC,70,150
45039,Fairfield,SC,84,110
45041,Florence,SC,348,951
45043,Georgetown,SC,160,669
45045,Greenville,SC,1226,3384
45047,Greenwood,SC,211,522
45049,Hampton,SC,60,126
45051,Horry,SC,727,3526
45053,Jasper,SC,51,90
45055,Kershaw,SC,287,478
45057,Lancaster,SC,220,435
45059,Laurens,SC,210,268
45061,Lee,SC,47,92
45063,Lexington,SC,959,1494
45065,McCormick,SC,15,49
45067,Marion,SC,109,260
45069,Marlboro,SC,76,175
45071,Newberry,SC,112,213
45073,Oconee,SC,268,560
45075,Orangeburg,SC,282,441
45077,Pickens,SC,435,623
45079,Richland,SC,1278,2431
45081,Saluda,SC,37,71
45083,Spartanburg,SC,867,1748
45085,Sumter,SC,365,718
45087,Union,SC,57,161
45089,Williamsburg,SC,80,174
45091,York,SC,482,1314
46003,Aurora,SD,4,8
46005,Beadle,SD,78,138
46007,Bennett,SD,,23
46009,Bon Homme,SD,14,51
46011,Brookings,SD,91,194
46013,Brown,SD,146,224
46015,Brule,SD,10,48
46017,Buffalo,SD,,3
46019,Butte,SD,40,77
46021,Campbell,SD,5,7
46023,Charles Mix,SD,13,42
46025,Clark,SD,17,12
46027,Clay,SD,35,75
46029,Codington,SD,125,236
46031,Corson,SD,5,19
46033,Custer,SD,31,131
46035,Davison,SD,68,153
46037,Day,SD,12,26
46039,Deuel,SD,12,31
46041,Dewey,SD,4,7
46043,Douglas,SD,5,21
46045,Edmunds,SD,8,17
46047,Fall River,SD,30,52
46049,Faulk,SD,3,11
46051,Grant,SD,10,58
46053,Gregory,SD,5,30
46055,Haakon,SD,6,5
46057,Hamlin,SD,14,37
46059,Hand,SD,8,20
46061,Hanson,SD,,15
46063,Harding,SD,,11
46065,Hughes,SD,61,98
46067,Hutchinson,SD,15,34
46069,Hyde,SD,3,6
46071,Jackson,SD,3,18
46073,Jerauld,SD,6,10
46075,Jones,SD,,5
46077,Kingsbury,SD,16,31
46079,Lake,SD,36,81
46081,Lawrence,SD,95,454
46083,Lincoln,SD,128,168
46085,Lyman,SD,4,21
46087,McCook,SD,15,24
46089,McPherson,SD,10,7
46091,Marshall,SD,13,33
46093,Meade,SD,83,218
46095,Mellette,SD,4,30
46097,Miner,SD,7,16
46099,Minnehaha,SD,693,1321
46101,Moody,SD,14,37
46103,Pennington,SD,515,891
46105,Perkins,SD,,13
46107,Potter,SD,4,8
46109,Roberts,SD,18,104
46111,Sanborn,SD,9,8
46113,Shannon,SD,,6
46115,Spink,SD,15,24
46117,Stanley,SD,14,20
46119,Sully,SD,5,1
46121,Todd,SD,3,19
46123,Tripp,SD,9,34
46125,Turner,SD,21,44
46127,Union,SD,46,189
46129,Walworth,SD,14,26
46135,Yankton,SD,89,155
46137,Ziebach,SD,,3
47001,Anderson,TN,312,540
47003,Bedford,TN,241,335
47005,Benton,TN,68,128
47007,Bledsoe,TN,40,93
47009,Blount,TN,574,975
47011,Bradley,TN,536,748
47013,Campbell,TN,49,308
47015,Cannon,TN,45,102
47017,Carroll,TN,71,196
47019,Carter,TN,137,368
47021,Cheatham,TN,197,307
47023,Chester,TN,46,115
47025,Claiborne,TN,145,207
47027,Clay,TN,22,66
47029,Cocke,TN,115,235
47031,Coffee,TN,276,405
47033,Crockett,TN,33,122
47035,Cumberland,TN,311,400
47037,Davidson,TN,1894,4543
47039,Decatur,TN,26,79
47041,DeKalb,TN,51,179
47043,Dickson,TN,283,390
47045,Dyer,TN,188,298
47047,Fayette,TN,,234
47049,Fentress,TN,90,124
47051,Franklin,TN,202,265
47053,Gibson,TN,168,389
47055,Giles,TN,131,210
47057,Grainger,TN,90,162
47059,Greene,TN,368,419
47061,Grundy,TN,68,133
47063,Hamblen,TN,352,471
47065,Hamilton,TN,1450,2129
47067,Hancock,TN,29,46
47069,Hardeman,TN,64,322
47071,Hardin,TN,91,326
47073,Hawkins,TN,298,323
47075,Haywood,TN,51,98
47077,Henderson,TN,804,251
47079,Henry,TN,128,264
47081,Hickman,TN,95,146
47083,Houston,TN,38,63
47085,Humphreys,TN,86,125
47087,Jackson,TN,29,90
47089,Jefferson,TN,102,246
47091,Johnson,TN,82,124
47093,Knox,TN,1895,2453
47095,Lake,TN,26,71
47097,Lauderdale,TN,137,177
47099,Lawrence,TN,214,313
47101,Lewis,TN,67,103
47103,Lincoln,TN,192,262
47105,Loudon,TN,137,298
47107,McMinn,TN,261,416
47109,McNairy,TN,71,435
47111,Macon,TN,112,157
47113,Madison,TN,326,699
47115,Marion,TN,122,224
47117,Marshall,TN,158,209
47119,Maury,TN,388,543
47121,Meigs,TN,49,88
47123,Monroe,TN,231,351
47125,Montgomery,TN,1218,1818
47127,Moore,TN,18,66
47129,Morgan,TN,65,125
47131,Obion,TN,177,254
47133,Overton,TN,82,163
47135,Perry,TN,29,63
47137,Pickett,TN,2,49
47139,Polk,TN,65,205
47141,Putnam,TN,322,477
47143,Rhea,TN,176,218
47145,Roane,TN,51,392
47147,Robertson,TN,335,474
47149,Rutherford,TN,1351,1643
47151,Scott,TN,87,195
47153,Sequatchie,TN,42,143
47155,Sevier,TN,520,12398
47157,Shelby,TN,2224,5238
47159,Smith,TN,99,190
47161,Stewart,TN,59,90
47163,Sullivan,TN,759,1170
47165,Sumner,TN,872,900
47167,Tipton,TN,658,455
47169,Trousdale,TN,43,76
47171,Unicoi,TN,68,123
47173,Union,TN,75,162
47175,Van Buren,TN,20,110
47177,Warren,TN,182,310
47179,Washington,TN,591,777
47181,Wayne,TN,75,132
47183,Weakley,TN,149,188
47185,White,TN,123,180
47187,Williamson,TN,640,1026
47189,Wilson,TN,710,695
48001,Anderson,TX,141,415
48003,Andrews,TX,76,104
48005,Angelina,TX,469,677
48007,Aransas,TX,130,212
48009,Archer,TX,33,30
48011,Armstrong,TX,2,8
48013,Atascosa,TX,44,214
48015,Austin,TX,110,188
48017,Bailey,TX,22,59
48019,Bandera,TX,96,117
48021,Bastrop,TX,270,468
48023,Baylor,TX,15,27
48025,Bee,TX,81,159
48027,Bell,TX,2782,4592
48029,Bexar,TX,4060,12097
48031,Blanco,TX,49,59
48033,Borden,TX,0,4
48035,Bosque,TX,68,84
48037,Bowie,TX,503,616
48039,Brazoria,TX,1062,1827
48041,Brazos,TX,420,1357
48043,Brewster,TX,0,69
48045,Briscoe,TX,4,8
48047,Brooks,TX,22,45
48049,Brown,TX,162,367
48051,Burleson,TX,46,61
48053,Burnet,TX,223,306
48055,Caldwell,TX,116,165
48057,Calhoun,TX,54,141
48059,Callahan,TX,61,58
48061,Cameron,TX,839,2499
48063,Camp,TX,31,96
48065,Carson,TX,12,39
48067,Cass,TX,161,158
48069,Castro,TX,13,36
48071,Chambers,TX,161,210
48073,Cherokee,TX,180,301
48075,Childress,TX,35,48
48077,Clay,TX,44,50
48079,Cochran,TX,12,14
48081,Coke,TX,9,23
48083,Coleman,TX,40,49
48085,Collin,TX,2496,4935
48087,Collingsworth,TX,14,32
48089,Colorado,TX,65,115
48091,Comal,TX,279,886
48093,Comanche,TX,57,79
48095,Concho,TX,11,13
48097,Cooke,TX,157,443
48099,Coryell,TX,316,601
48101,Cottle,TX,3,8
48103,Crane,TX,2,39
48105,Crockett,TX,7,28
48107,Crosby,TX,21,38
48109,Culberson,TX,0,1
48111,Dallam,TX,31,86
48113,Dallas,TX,7766,14327
48115,Dawson,TX,47,70
48117,Deaf Smith,TX,36,134
48119,Delta,TX,20,36
48121,Denton,TX,2884,4150
48123,DeWitt,TX,76,95
48125,Dickens,TX,5,18
48127,Dimmit,TX,5,40
48129,Donley,TX,17,22
48131,Duval,TX,24,50
48133,Eastland,TX,82,133
48135,Ector,TX,578,1132
48137,Edwards,TX,2,9
48139,Ellis,TX,147,1064
48141,El Paso,TX,46,7272
48143,Erath,TX,149,293
48145,Falls,TX,17,75
48147,Fannin,TX,132,13
48149,Fayette,TX,80,132
48151,Fisher,TX,9,22
48153,Floyd,TX,19,30
48155,Foard,TX,1,4
48157,Fort Bend,TX,1629,2650
48159,Franklin,TX,42,68
48161,Freestone,TX,66,107
48163,Frio,TX,21,91
48165,Gaines,TX,40,192
48167,Galveston,TX,1032,1888
48169,Garza,TX,16,30
48171,Gillespie,TX,103,180
48173,Glasscock,TX,0,6
48175,Goliad,TX,9,38
48177,Gonzales,TX,94,147
48179,Gray,TX,98,156
48181,Grayson,TX,385,903
48183,Gregg,TX,452,1253
48185,Grimes,TX,83,128
48187,Guadalupe,TX,476,505
48189,Hale,TX,74,255
48191,Hall,TX,5,14
48193,Hamilton,TX,38,72
48195,Hansford,TX,9,47
48197,Hardeman,TX,16,47
48199,Hardin,TX,292,436
48201,Harris,TX,13516,28549
48203,Harrison,TX,146,437
48205,Hartley,TX,17,10
48207,Haskell,TX,21,34
48209,Hays,TX,445,943
48211,Hemphill,TX,10,21
48213,Henderson,TX,55,499
48215,Hidalgo,TX,19,4685
48217,Hill,TX,142,236
48219,Hockley,TX,90,129
48221,Hood,TX,212,366
48223,Hopkins,TX,184,278
48225,Houston,TX,77,126
48227,Howard,TX,30,212
48229,Hudspeth,TX,0,8
48231,Hunt,TX,312,610
48233,Hutchinson,TX,116,159
48235,Irion,TX,2,14
48237,Jack,TX,43,72
48239,Jackson,TX,43,105
48241,Jasper,TX,169,326
48243,Jeff Davis,TX,0,4
48245,Jefferson,TX,974,1935
48247,Jim Hogg,TX,4,23
48249,Jim Wells,TX,163,233
48251,Johnson,TX,625,1098
48253,Jones,TX,49,92
48255,Karnes,TX,26,1
48257,Kaufman,TX,465,666
48259,Kendall,TX,96,389
48261,Kenedy,TX,0,0
48263,Kent,TX,6,5
48265,Kerr,TX,236,356
48267,Kimble,TX,20,34
48269,King,TX,0,0
48271,Kinney,TX,0,18
48273,Kleberg,TX,99,217
48275,Knox,TX,0,25
48277,Lamar,TX,349,336
48279,Lamb,TX,22,82
48281,Lampasas,TX,112,152
48283,La Salle,TX,5,28
48285,Lavaca,TX,44,95
48287,Lee,TX,60,121
48289,Leon,TX,80,103
48291,Liberty,TX,325,578
48293,Limestone,TX,35,167
48295,Lipscomb,TX,12,13
48297,Live Oak,TX,50,57
48299,Llano,TX,86,98
48301,Loving,TX,0,2
48303,Lubbock,TX,1248,1923
48305,Lynn,TX,14,33
48307,McCulloch,TX,46,53
48309,McLennan,TX,1071,1687
48311,McMullen,TX,1,5
48313,Madison,TX,26,95
48315,Marion,TX,39,80
48317,Martin,TX,15,22
48319,Mason,TX,18,25
48321,Matagorda,TX,140,283
48323,Maverick,TX,124,524
48325,Medina,TX,153,236
48327,Menard,TX,10,13
48329,Midland,TX,656,1007
48331,Milam,TX,119,118
48333,Mills,TX,28,27
48335,Mitchell,TX,30,43
48337,Montague,TX,86,130
48339,Montgomery,TX,1931,2784
48341,Moore,TX,94,164
48343,Morris,TX,64,88
48345,Motley,TX,1,6
48347,Nacogdoches,TX,70,488
48349,Navarro,TX,175,378
48351,Newton,TX,71,80
48353,Nolan,TX,72,115
48355,Nueces,TX,1058,2005
48357,Ochiltree,TX,40,101
48359,Oldham,TX,3,11
48361,Orange,TX,327,617
48363,Palo Pinto,TX,147,207
48365,Panola,TX,139,204
48367,Parker,TX,483,713
48369,Parmer,TX,30,39
48371,Pecos,TX,32,90
48373,Polk,TX,205,313
48375,Potter,TX,531,1325
48377,Presidio,TX,0,49
48379,Rains,TX,49,84
48381,Randall,TX,593,409
48383,Reagan,TX,22,31
48385,Real,TX,5,20
48387,Red River,TX,61,72
48389,Reeves,TX,15,69
48391,Refugio,TX,21,38
48393,Roberts,TX,5,9
48395,Robertson,TX,37,96
48397,Rockwall,TX,394,1173
48399,Runnels,TX,36,56
48401,Rusk,TX,201,329
48403,Sabine,TX,18,70
48405,San Augustine,TX,4,55
48407,San Jacinto,TX,139,120
48409,San Patricio,TX,214,302
48411,San Saba,TX,7,34
48413,Schleicher,TX,22,16
48415,Scurry,TX,72,130
48417,Shackelford,TX,15,21
48419,Shelby,TX,47,188
48421,Sherman,TX,2,0
48423,Smith,TX,651,1699
48425,Somervell,TX,47,87
48427,Starr,TX,0,408
48429,Stephens,TX,39,82
48431,Sterling,TX,4,4
48433,Stonewall,TX,3,14
48435,Sutton,TX,13,22
48437,Swisher,TX,24,36
48439,Tarrant,TX,7944,12590
48441,Taylor,TX,687,1269
48443,Terrell,TX,3,18
48445,Terry,TX,58,94
48447,Throckmorton,TX,5,12
48449,Titus,TX,102,240
48451,Tom Green,TX,434,1052
48453,Travis,TX,3595,8113
48455,Trinity,TX,30,82
48457,Tyler,TX,111,149
48459,Upshur,TX,263,223
48461,Upton,TX,18,21
48463,Uvalde,TX,37,154
48465,Val Verde,TX,200,407
48467,Van Zandt,TX,285,356
48469,Victoria,TX,413,636
48471,Walker,TX,133,484
48473,Waller,TX,172,270
48475,Ward,TX,30,77
48477,Washington,TX,122,253
48479,Webb,TX,140,1789
48481,Wharton,TX,127,210
48483,Wheeler,TX,11,122
48485,Wichita,TX,642,1687
48487,Wilbarger,TX,28,171
48489,Willacy,TX,45,98
48491,Williamson,TX,820,2213
48493,Wilson,TX,135,240
48495,Winkler,TX,30,44
48497,Wise,TX,333,406
48499,Wood,TX,146,234
48501,Yoakum,TX,28,40
48503,Young,TX,80,128
48505,Zapata,TX,0,62
48507,Zavala,TX,3,30
49001,Beaver,UT,27,39
49003,Box Elder,UT,185,304
49005,Cache,UT,217,1206
49007,Carbon,UT,121,119
49009,Daggett,UT,3,11
49011,Davis,UT,1124,2269
49013,Duchesne,UT,65,127
49015,Emery,UT,59,69
49017,Garfield,UT,12,40
49019,Grand,UT,36,140
49021,Iron,UT,172,187
49023,Juab,UT,57,50
49025,Kane,UT,25,67
49027,Millard,UT,41,75
49029,Morgan,UT,19,54
49031,Piute,UT,2,14
49033,Rich,UT,7,16
49035,Salt Lake,UT,3996,10852
49037,San Juan,UT,34,75
49039,Sanpete,UT,99,648
49041,Sevier,UT,120,149
49043,Summit,UT,21,385
49045,Tooele,UT,316,55
49047,Uintah,UT,148,245
49049,Utah,UT,1737,3516
49051,Wasatch,UT,64,204
49053,Washington,UT,472,1187
49055,Wayne,UT,11,17
49057,Weber,UT,956,1485
50001,Addison,VT,97,337
50003,Bennington,VT,122,509
50005,Caledonia,VT,128,226
50007,Chittenden,VT,516,1222
50009,Essex,VT,31,39
50011,Franklin,VT,233,302
50013,Grand Isle,VT,35,109
50015,Lamoille,VT,97,400
50017,Orange,VT,112,225
50019,Orleans,VT,118,214
50021,Rutland,VT,267,561
50023,Washington,VT,206,491
50025,Windham,VT,188,541
50027,Windsor,VT,238,631
51001,Accomack,VA,111,278
51003,Albemarle,VA,201,437
51005,Alleghany,VA,71,115
51007,Amelia,VA,30,70
51009,Amherst,VA,93,175
51011,Appomattox,VA,34,105
51013,Arlington,VA,271,2943
51015,Augusta,VA,229,354
51017,Bath,VA,16,103
51019,Bedford,VA,231,279
51021,Bland,VA,26,38
51023,Botetourt,VA,130,162
51025,Brunswick,VA,34,94
51027,Buchanan,VA,87,164
51029,Buckingham,VA,49,70
51031,Campbell,VA,133,244
51033,Caroline,VA,52,102
51035,Carroll,VA,170,202
51036,Charles City,VA,13,51
51037,Charlotte,VA,39,76
51041,Chesterfield,VA,1051,1340
51043,Clarke,VA,40,105
51045,Craig,VA,24,29
51047,Culpeper,VA,174,247
51049,Cumberland,VA,34,55
51051,Dickenson,VA,66,167
51053,Dinwiddie,VA,72,107
51057,Essex,VA,30,85
51059,Fairfax,VA,3297,4069
51061,Fauquier,VA,173,473
51063,Floyd,VA,50,116
51065,Fluvanna,VA,71,68
51067,Franklin,VA,167,294
51069,Frederick,VA,400,283
51071,Giles,VA,74,249
51073,Gloucester,VA,173,208
51075,Goochland,VA,45,128
51077,Grayson,VA,103,125
51079,Greene,VA,40,116
51081,Greensville,VA,48,37
51083,Halifax,VA,125,256
51085,Hanover,VA,352,553
51087,Henrico,VA,965,1329
51089,Henry,VA,214,263
51091,Highland,VA,2,17
51093,Isle of Wight,VA,85,226
51095,James City,VA,203,271
51097,King and Queen,VA,20,41
51099,King George,VA,73,92
51101,King William,VA,44,67
51103,Lancaster,VA,29,94
51105,Lee,VA,108,213
51107,Loudoun,VA,639,1766
51109,Louisa,VA,88,189
51111,Lunenburg,VA,37,71
51113,Madison,VA,22,110
51115,Mathews,VA,32,71
51117,Mecklenburg,VA,109,258
51119,Middlesex,VA,30,72
51121,Montgomery,VA,295,416
51125,Nelson,VA,31,239
51127,New Kent,VA,44,114
51131,Northampton,VA,39,98
51133,Northumberland,VA,15,62
51135,Nottoway,VA,48,87
51137,Orange,VA,67,225
51139,Page,VA,94,379
51141,Patrick,VA,62,161
51143,Pittsylvania,VA,300,281
51145,Powhatan,VA,71,180
51147,Prince Edward,VA,76,125
51149,Prince George,VA,111,194
51153,Prince William,VA,706,1756
51155,Pulaski,VA,173,265
51157,Rappahannock,VA,18,57
51159,Richmond,VA,16,140
51161,Roanoke,VA,275,448
51163,Rockbridge,VA,94,116
51165,Rockingham,VA,350,365
51167,Russell,VA,158,195
51169,Scott,VA,105,210
51171,Shenandoah,VA,128,272
51173,Smyth,VA,160,252
51175,Southampton,VA,59,90
51177,Spotsylvania,VA,288,528
51179,Stafford,VA,372,763
51181,Surry,VA,17,32
51183,Sussex,VA,28,44
51185,Tazewell,VA,212,335
51187,Warren,VA,302,267
51191,Washington,VA,251,381
51193,Westmoreland,VA,18,103
51195,Wise,VA,244,348
51197,Wythe,VA,145,235
51199,York,VA,213,433
51510,Alexandria CY,VA,3076,2422
51515,Bedford CY,VA,3,134
51520,Bristol CY,VA,88,236
51530,Buena Vista CY,VA,20,39
51540,Charlottesville CY,VA,85,587
51550,Chesapeake CY,VA,476,880
51570,Colonial Heights CY,VA,71,128
51580,Covington CY,VA,,72
51590,Danville CY,VA,60,282
51595,Emporia CY,VA,,113
51600,Fairfax CY,VA,182,858
51610,Falls Church CY,VA,,184
51620,Franklin CY,VA,6,29
51630,Fredericksburg CY,VA,305,494
51640,Galax CY,VA,,35
51650,Hampton CY,VA,547,1189
51660,Harrisonburg CY,VA,7,430
51670,Hopewell CY,VA,96,190
51678,Lexington CY,VA,2,103
51680,Lynchburg CY,VA,391,601
51683,Manassas CY,VA,2,502
51685,Manassas Park CY,VA,,4
51690,Martinsville CY,VA,42,133
51700,Newport News CY,VA,806,1256
51710,Norfolk CY,VA,2789,2568
51720,Norton CY,VA,,30
51730,Petersburg CY,VA,123,318
51735,Poquoson CY,VA,,31
51740,Portsmouth CY,VA,309,693
51750,Radford CY,VA,27,60
51760,Richmond CY,VA,897,1748
51770,Roanoke CY,VA,486,735
51775,Salem CY,VA,83,173
51790,Staunton CY,VA,67,242
51800,Suffolk CY,VA,228,460
51810,Virginia Beach CY,VA,1377,4500
51820,Waynesboro CY,VA,319,166
51830,Williamsburg CY,VA,50,454
51840,Winchester City CY,VA,77,868
53001,Adams,WA,49,93
53003,Asotin,WA,87,94
53005,Benton,WA,737,1079
53007,Chelan,WA,386,794
53009,Clallam,WA,271,487
53011,Clark,WA,1690,2123
53013,Columbia,WA,13,28
53015,Cowlitz,WA,414,603
53017,Douglas,WA,31,103
53019,Ferry,WA,22,29
53021,Franklin,WA,248,477
53023,Garfield,WA,10,14
53025,Grant,WA,274,433
53027,Grays Harbor,WA,290,475
53029,Island,WA,307,611
53031,Jefferson,WA,97,264
53033,King,WA,5663,11449
53035,Kitsap,WA,980,1686
53037,Kittitas,WA,143,275
53039,Klickitat,WA,69,86
53041,Lewis,WA,325,522
53043,Lincoln,WA,4049,51
53045,Mason,WA,194,406
53047,Okanogan,WA,107,285
53049,Pacific,WA,54,156
53051,Pend Oreille,WA,34,75
53053,Pierce,WA,2790,5350
53055,San Juan,WA,53,295
53057,Skagit,WA,433,785
53059,Skamania,WA,40,188
53061,Snohomish,WA,2267,3646
53063,Spokane,WA,1884,2273
53065,Stevens,WA,139,219
53067,Thurston,WA,1082,1549
53069,Wahkiakum,WA,26,26
53071,Walla Walla,WA,242,358
53073,Whatcom,WA,591,1268
53075,Whitman,WA,97,142
53077,Yakima,WA,834,1372
54001,Barbour,WV,73,106
54003,Berkeley,WV,391,529
54005,Boone,WV,165,170
54007,Braxton,WV,63,109
54009,Brooke,WV,107,148
54011,Cabell,WV,511,620
54013,Calhoun,WV,48,55
54015,Clay,WV,73,81
54017,Doddridge,WV,29,36
54019,Fayette,WV,248,361
54021,Gilmer,WV,30,54
54023,Grant,WV,65,97
54025,Greenbrier,WV,190,243
54027,Hampshire,WV,121,95
54029,Hancock,WV,127,172
54031,Hardy,WV,76,104
54033,Harrison,WV,305,489
54035,Jackson,WV,165,221
54037,Jefferson,WV,221,283
54039,Kanawha,WV,1074,1373
54041,Lewis,WV,84,141
54043,Lincoln,WV,140,159
54045,Logan,WV,206,272
54047,McDowell,WV,143,193
54049,Marion,WV,242,429
54051,Marshall,WV,142,220
54053,Mason,WV,208,199
54055,Mercer,WV,383,445
54057,Mineral,WV,140,171
54059,Mingo,WV,219,233
54061,Monongalia,WV,263,630
54063,Monroe,WV,80,71
54065,Morgan,WV,69,133
54067,Nicholas,WV,223,237
54069,Ohio,WV,149,348
54071,Pendleton,WV,37,48
54073,Pleasants,WV,43,49
54075,Pocahontas,WV,42,71
54077,Preston,WV,139,201
54079,Putnam,WV,292,357
54081,Raleigh,WV,463,635
54083,Randolph,WV,92,213
54085,Ritchie,WV,39,59
54087,Roane,WV,81,97
54089,Summers,WV,72,78
54091,Taylor,WV,92,93
54093,Tucker,WV,32,70
54095,Tyler,WV,54,83
54097,Upshur,WV,119,206
54099,Wayne,WV,255,199
54101,Webster,WV,60,77
54103,Wetzel,WV,80,119
54105,Wirt,WV,34,42
54107,Wood,WV,486,576
54109,Wyoming,WV,146,162
55001,Adams,WI,77,127
55003,Ashland,WI,53,139
55005,Barron,WI,178,314
55007,Bayfield,WI,52,126
55009,Brown,WI,750,1546
55011,Buffalo,WI,33,63
55013,Burnett,WI,63,80
55015,Calumet,WI,148,213
55017,Chippewa,WI,219,346
55019,Clark,WI,83,191
55021,Columbia,WI,218,380
55023,Crawford,WI,51,92
55025,Dane,WI,1501,2613
55027,Dodge,WI,327,381
55029,Door,WI,94,411
55031,Douglas,WI,161,212
55033,Dunn,WI,149,209
55035,Eau Claire,WI,271,623
55037,Florence,WI,18,31
55039,Fond du Lac,WI,330,497
55041,Forest,WI,30,47
55043,Grant,WI,144,268
55045,Green,WI,125,157
55047,Green Lake,WI,50,168
55049,Iowa,WI,68,157
55051,Iron,WI,17,29
55053,Jackson,WI,52,84
55055,Jefferson,WI,333,461
55057,Juneau,WI,102,147
55059,Kenosha,WI,594,665
55061,Kewaunee,WI,62,90
55063,La Crosse,WI,341,677
55065,Lafayette,WI,43,93
55067,Langlade,WI,60,99
55069,Lincoln,WI,72,133
55071,Manitowoc,WI,231,471
55073,Marathon,WI,379,715
55075,Marinette,WI,115,216
55077,Marquette,WI,58,75
55078,Menominee,WI,0,27
55079,Milwaukee,WI,2342,4228
55081,Monroe,WI,164,254
55083,Oconto,WI,121,147
55085,Oneida,WI,177,241
55087,Outagamie,WI,638,1118
55089,Ozaukee,WI,254,348
55091,Pepin,WI,17,37
55093,Pierce,WI,111,153
55095,Polk,WI,144,224
55097,Portage,WI,201,323
55099,Price,WI,54,64
55101,Racine,WI,415,855
55103,Richland,WI,80,94
55105,Rock,WI,512,722
55107,Rusk,WI,65,85
55109,St. Croix,WI,342,406
55111,Sauk,WI,230,543
55113,Sawyer,WI,45,114
55115,Shawano,WI,125,211
55117,Sheboygan,WI,302,669
55119,Taylor,WI,71,114
55121,Trempealeau,WI,92,164
55123,Vernon,WI,95,178
55125,Vilas,WI,57,168
55127,Walworth,WI,327,824
55129,Washburn,WI,47,101
55131,Washington,WI,409,593
55133,Waukesha,WI,1082,1860
55135,Waupaca,WI,203,325
55137,Waushara,WI,85,159
55139,Winnebago,WI,570,834
55141,Wood,WI,256,423
56001,Albany,WY,88,188
56003,Big Horn,WY,50,79
56005,Campbell,WY,296,328
56007,Carbon,WY,90,121
56009,Converse,WY,78,138
56011,Crook,WY,28,50
56013,Fremont,WY,175,270
56015,Goshen,WY,55,63
56017,Hot Springs,WY,33,43
56019,Johnson,WY,45,72
56021,Laramie,WY,518,693
56023,Lincoln,WY,64,92
56025,Natrona,WY,432,528
56027,Niobrara,WY,17,13
56029,Park,WY,137,223
56031,Platte,WY,43,71
56033,Sheridan,WY,157,252
56035,Sublette,WY,60,89
56037,Sweetwater,WY,224,257
56039,Teton,WY,79,472
56041,Uinta,WY,128,126
56043,Washakie,WY,43,67
56045,Weston,WY,31,42